padron_electoral,frecuencia,frecuencia_%
1249,0.0017921146953405018,0.18
942,0.0017921146953405018,0.18
939,0.0017921146953405018,0.18
949,0.0017921146953405018,0.18
1128,0.0017921146953405018,0.18
1291,0.0017921146953405018,0.18
1360,0.0017921146953405018,0.18
1152,0.0015360983102918587,0.15
2110,0.0015360983102918587,0.15
1155,0.0015360983102918587,0.15
1000,0.0015360983102918587,0.15
768,0.0015360983102918587,0.15
961,0.0015360983102918587,0.15
1645,0.0015360983102918587,0.15
943,0.0015360983102918587,0.15
1074,0.0015360983102918587,0.15
1276,0.0015360983102918587,0.15
886,0.0015360983102918587,0.15
908,0.0015360983102918587,0.15
1085,0.0015360983102918587,0.15
985,0.0015360983102918587,0.15
1596,0.0012800819252432156,0.13
1095,0.0012800819252432156,0.13
1040,0.0012800819252432156,0.13
1097,0.0012800819252432156,0.13
1369,0.0012800819252432156,0.13
1167,0.0012800819252432156,0.13
1437,0.0012800819252432156,0.13
1227,0.0012800819252432156,0.13
470,0.0012800819252432156,0.13
1150,0.0012800819252432156,0.13
1009,0.0012800819252432156,0.13
1977,0.0012800819252432156,0.13
1144,0.0012800819252432156,0.13
995,0.0012800819252432156,0.13
1228,0.0012800819252432156,0.13
1349,0.0012800819252432156,0.13
1559,0.0012800819252432156,0.13
706,0.0012800819252432156,0.13
1274,0.0012800819252432156,0.13
1002,0.0012800819252432156,0.13
240,0.0012800819252432156,0.13
1199,0.0012800819252432156,0.13
774,0.0012800819252432156,0.13
691,0.0012800819252432156,0.13
724,0.0012800819252432156,0.13
1302,0.0012800819252432156,0.13
814,0.0012800819252432156,0.13
1582,0.0012800819252432156,0.13
1017,0.0012800819252432156,0.13
1221,0.0012800819252432156,0.13
1472,0.0012800819252432156,0.13
1076,0.0012800819252432156,0.13
850,0.0012800819252432156,0.13
1059,0.0012800819252432156,0.13
1207,0.0012800819252432156,0.13
1312,0.0012800819252432156,0.13
957,0.0012800819252432156,0.13
1171,0.0012800819252432156,0.13
913,0.0012800819252432156,0.13
1332,0.0012800819252432156,0.13
1050,0.0012800819252432156,0.13
829,0.0012800819252432156,0.13
1386,0.0012800819252432156,0.13
1147,0.0010240655401945725,0.1
834,0.0010240655401945725,0.1
3012,0.0010240655401945725,0.1
697,0.0010240655401945725,0.1
1479,0.0010240655401945725,0.1
1367,0.0010240655401945725,0.1
863,0.0010240655401945725,0.1
1113,0.0010240655401945725,0.1
1175,0.0010240655401945725,0.1
1131,0.0010240655401945725,0.1
2055,0.0010240655401945725,0.1
1020,0.0010240655401945725,0.1
1056,0.0010240655401945725,0.1
787,0.0010240655401945725,0.1
1215,0.0010240655401945725,0.1
2099,0.0010240655401945725,0.1
1107,0.0010240655401945725,0.1
1774,0.0010240655401945725,0.1
875,0.0010240655401945725,0.1
1540,0.0010240655401945725,0.1
1231,0.0010240655401945725,0.1
1012,0.0010240655401945725,0.1
1232,0.0010240655401945725,0.1
1067,0.0010240655401945725,0.1
1325,0.0010240655401945725,0.1
963,0.0010240655401945725,0.1
658,0.0010240655401945725,0.1
2039,0.0010240655401945725,0.1
1061,0.0010240655401945725,0.1
2015,0.0010240655401945725,0.1
1162,0.0010240655401945725,0.1
1433,0.0010240655401945725,0.1
1603,0.0010240655401945725,0.1
637,0.0010240655401945725,0.1
748,0.0010240655401945725,0.1
872,0.0010240655401945725,0.1
700,0.0010240655401945725,0.1
694,0.0010240655401945725,0.1
907,0.0010240655401945725,0.1
991,0.0010240655401945725,0.1
1456,0.0010240655401945725,0.1
1317,0.0010240655401945725,0.1
989,0.0010240655401945725,0.1
1233,0.0010240655401945725,0.1
1941,0.0010240655401945725,0.1
1348,0.0010240655401945725,0.1
1125,0.0010240655401945725,0.1
2596,0.0010240655401945725,0.1
948,0.0010240655401945725,0.1
802,0.0010240655401945725,0.1
1206,0.0010240655401945725,0.1
1943,0.0010240655401945725,0.1
1034,0.0010240655401945725,0.1
1235,0.0010240655401945725,0.1
2538,0.0010240655401945725,0.1
1096,0.0010240655401945725,0.1
727,0.0010240655401945725,0.1
780,0.0010240655401945725,0.1
1245,0.0010240655401945725,0.1
1336,0.0010240655401945725,0.1
858,0.0010240655401945725,0.1
873,0.0010240655401945725,0.1
2107,0.0010240655401945725,0.1
1485,0.0010240655401945725,0.1
848,0.0010240655401945725,0.1
1509,0.0010240655401945725,0.1
1013,0.0010240655401945725,0.1
1789,0.0010240655401945725,0.1
1123,0.0010240655401945725,0.1
1033,0.0010240655401945725,0.1
1423,0.0010240655401945725,0.1
1070,0.0010240655401945725,0.1
1089,0.0010240655401945725,0.1
1108,0.0010240655401945725,0.1
542,0.0010240655401945725,0.1
1331,0.0010240655401945725,0.1
1134,0.0010240655401945725,0.1
851,0.0010240655401945725,0.1
1260,0.0010240655401945725,0.1
1624,0.0010240655401945725,0.1
1397,0.0010240655401945725,0.1
800,0.0010240655401945725,0.1
1222,0.0010240655401945725,0.1
1555,0.0010240655401945725,0.1
1685,0.0010240655401945725,0.1
1619,0.0010240655401945725,0.1
909,0.0010240655401945725,0.1
1376,0.0010240655401945725,0.1
1545,0.0010240655401945725,0.1
1390,0.0010240655401945725,0.1
1488,0.0010240655401945725,0.1
1282,0.0010240655401945725,0.1
2053,0.0010240655401945725,0.1
1542,0.0010240655401945725,0.1
881,0.0010240655401945725,0.1
1132,0.0010240655401945725,0.1
1537,0.0010240655401945725,0.1
1357,0.0010240655401945725,0.1
607,0.0010240655401945725,0.1
593,0.0007680491551459293,0.08
912,0.0007680491551459293,0.08
1884,0.0007680491551459293,0.08
876,0.0007680491551459293,0.08
583,0.0007680491551459293,0.08
1189,0.0007680491551459293,0.08
1350,0.0007680491551459293,0.08
1832,0.0007680491551459293,0.08
2205,0.0007680491551459293,0.08
1248,0.0007680491551459293,0.08
383,0.0007680491551459293,0.08
703,0.0007680491551459293,0.08
1010,0.0007680491551459293,0.08
1054,0.0007680491551459293,0.08
839,0.0007680491551459293,0.08
833,0.0007680491551459293,0.08
1823,0.0007680491551459293,0.08
956,0.0007680491551459293,0.08
1914,0.0007680491551459293,0.08
1290,0.0007680491551459293,0.08
713,0.0007680491551459293,0.08
1273,0.0007680491551459293,0.08
1246,0.0007680491551459293,0.08
1261,0.0007680491551459293,0.08
1141,0.0007680491551459293,0.08
1794,0.0007680491551459293,0.08
1415,0.0007680491551459293,0.08
1289,0.0007680491551459293,0.08
1518,0.0007680491551459293,0.08
1090,0.0007680491551459293,0.08
797,0.0007680491551459293,0.08
919,0.0007680491551459293,0.08
1609,0.0007680491551459293,0.08
2539,0.0007680491551459293,0.08
1926,0.0007680491551459293,0.08
2687,0.0007680491551459293,0.08
823,0.0007680491551459293,0.08
1148,0.0007680491551459293,0.08
1745,0.0007680491551459293,0.08
1893,0.0007680491551459293,0.08
3146,0.0007680491551459293,0.08
1534,0.0007680491551459293,0.08
2153,0.0007680491551459293,0.08
1399,0.0007680491551459293,0.08
1157,0.0007680491551459293,0.08
1196,0.0007680491551459293,0.08
1940,0.0007680491551459293,0.08
791,0.0007680491551459293,0.08
1109,0.0007680491551459293,0.08
1458,0.0007680491551459293,0.08
555,0.0007680491551459293,0.08
1377,0.0007680491551459293,0.08
1459,0.0007680491551459293,0.08
1471,0.0007680491551459293,0.08
1482,0.0007680491551459293,0.08
1275,0.0007680491551459293,0.08
1159,0.0007680491551459293,0.08
775,0.0007680491551459293,0.08
1285,0.0007680491551459293,0.08
766,0.0007680491551459293,0.08
788,0.0007680491551459293,0.08
837,0.0007680491551459293,0.08
1182,0.0007680491551459293,0.08
1353,0.0007680491551459293,0.08
725,0.0007680491551459293,0.08
1153,0.0007680491551459293,0.08
1959,0.0007680491551459293,0.08
1354,0.0007680491551459293,0.08
996,0.0007680491551459293,0.08
1265,0.0007680491551459293,0.08
1345,0.0007680491551459293,0.08
2726,0.0007680491551459293,0.08
865,0.0007680491551459293,0.08
1710,0.0007680491551459293,0.08
929,0.0007680491551459293,0.08
1909,0.0007680491551459293,0.08
999,0.0007680491551459293,0.08
1042,0.0007680491551459293,0.08
2238,0.0007680491551459293,0.08
635,0.0007680491551459293,0.08
1636,0.0007680491551459293,0.08
2056,0.0007680491551459293,0.08
2095,0.0007680491551459293,0.08
721,0.0007680491551459293,0.08
916,0.0007680491551459293,0.08
1278,0.0007680491551459293,0.08
1320,0.0007680491551459293,0.08
1165,0.0007680491551459293,0.08
1253,0.0007680491551459293,0.08
1351,0.0007680491551459293,0.08
1974,0.0007680491551459293,0.08
2048,0.0007680491551459293,0.08
2212,0.0007680491551459293,0.08
1569,0.0007680491551459293,0.08
1198,0.0007680491551459293,0.08
928,0.0007680491551459293,0.08
1329,0.0007680491551459293,0.08
2279,0.0007680491551459293,0.08
2639,0.0007680491551459293,0.08
620,0.0007680491551459293,0.08
1365,0.0007680491551459293,0.08
685,0.0007680491551459293,0.08
736,0.0007680491551459293,0.08
925,0.0007680491551459293,0.08
871,0.0007680491551459293,0.08
1124,0.0007680491551459293,0.08
1453,0.0007680491551459293,0.08
1106,0.0007680491551459293,0.08
959,0.0007680491551459293,0.08
894,0.0007680491551459293,0.08
827,0.0007680491551459293,0.08
2246,0.0007680491551459293,0.08
1438,0.0007680491551459293,0.08
1011,0.0007680491551459293,0.08
1210,0.0007680491551459293,0.08
1793,0.0007680491551459293,0.08
762,0.0007680491551459293,0.08
1516,0.0007680491551459293,0.08
2889,0.0007680491551459293,0.08
1410,0.0007680491551459293,0.08
1703,0.0007680491551459293,0.08
1241,0.0007680491551459293,0.08
1181,0.0007680491551459293,0.08
578,0.0007680491551459293,0.08
1038,0.0007680491551459293,0.08
1828,0.0007680491551459293,0.08
1973,0.0007680491551459293,0.08
2037,0.0007680491551459293,0.08
1965,0.0007680491551459293,0.08
751,0.0007680491551459293,0.08
1173,0.0007680491551459293,0.08
777,0.0007680491551459293,0.08
1835,0.0007680491551459293,0.08
728,0.0007680491551459293,0.08
1844,0.0007680491551459293,0.08
716,0.0007680491551459293,0.08
977,0.0007680491551459293,0.08
1612,0.0007680491551459293,0.08
1836,0.0007680491551459293,0.08
1243,0.0007680491551459293,0.08
749,0.0007680491551459293,0.08
2288,0.0007680491551459293,0.08
1344,0.0007680491551459293,0.08
1714,0.0007680491551459293,0.08
1015,0.0007680491551459293,0.08
605,0.0007680491551459293,0.08
945,0.0007680491551459293,0.08
878,0.0007680491551459293,0.08
941,0.0007680491551459293,0.08
1003,0.0007680491551459293,0.08
1379,0.0007680491551459293,0.08
1323,0.0007680491551459293,0.08
1279,0.0007680491551459293,0.08
922,0.0007680491551459293,0.08
1319,0.0007680491551459293,0.08
1195,0.0007680491551459293,0.08
2201,0.0007680491551459293,0.08
1543,0.0007680491551459293,0.08
1380,0.0007680491551459293,0.08
1798,0.0007680491551459293,0.08
1418,0.0007680491551459293,0.08
1401,0.0007680491551459293,0.08
1420,0.0007680491551459293,0.08
1082,0.0007680491551459293,0.08
2530,0.0007680491551459293,0.08
674,0.0007680491551459293,0.08
866,0.0007680491551459293,0.08
1084,0.0007680491551459293,0.08
645,0.0007680491551459293,0.08
843,0.0007680491551459293,0.08
982,0.0007680491551459293,0.08
1651,0.0007680491551459293,0.08
554,0.0007680491551459293,0.08
967,0.0007680491551459293,0.08
1300,0.0007680491551459293,0.08
933,0.0007680491551459293,0.08
505,0.0007680491551459293,0.08
782,0.0007680491551459293,0.08
653,0.0007680491551459293,0.08
2380,0.0007680491551459293,0.08
1858,0.0007680491551459293,0.08
2069,0.0007680491551459293,0.08
1391,0.0007680491551459293,0.08
602,0.0007680491551459293,0.08
1269,0.0007680491551459293,0.08
2672,0.0007680491551459293,0.08
1508,0.0007680491551459293,0.08
224,0.0007680491551459293,0.08
1507,0.0007680491551459293,0.08
1692,0.0007680491551459293,0.08
2149,0.0007680491551459293,0.08
1730,0.0007680491551459293,0.08
1875,0.0007680491551459293,0.08
743,0.0007680491551459293,0.08
1628,0.0007680491551459293,0.08
1334,0.0007680491551459293,0.08
1333,0.0007680491551459293,0.08
955,0.0007680491551459293,0.08
1041,0.0007680491551459293,0.08
1044,0.0007680491551459293,0.08
801,0.0007680491551459293,0.08
397,0.0007680491551459293,0.08
1897,0.0007680491551459293,0.08
615,0.0007680491551459293,0.08
1447,0.0007680491551459293,0.08
195,0.0007680491551459293,0.08
1284,0.0007680491551459293,0.08
1599,0.0007680491551459293,0.08
1110,0.0007680491551459293,0.08
1435,0.0007680491551459293,0.08
269,0.0007680491551459293,0.08
1226,0.0007680491551459293,0.08
1416,0.0007680491551459293,0.08
1324,0.0007680491551459293,0.08
1335,0.0007680491551459293,0.08
338,0.0007680491551459293,0.08
306,0.0007680491551459293,0.08
613,0.0007680491551459293,0.08
1310,0.0007680491551459293,0.08
1055,0.0007680491551459293,0.08
1495,0.0007680491551459293,0.08
1078,0.0007680491551459293,0.08
854,0.0007680491551459293,0.08
1143,0.0007680491551459293,0.08
2014,0.0007680491551459293,0.08
616,0.0007680491551459293,0.08
1381,0.0007680491551459293,0.08
1718,0.0007680491551459293,0.08
1660,0.0007680491551459293,0.08
1047,0.0007680491551459293,0.08
1280,0.0007680491551459293,0.08
564,0.0007680491551459293,0.08
1229,0.0007680491551459293,0.08
715,0.0007680491551459293,0.08
1650,0.0007680491551459293,0.08
1440,0.0007680491551459293,0.08
790,0.0007680491551459293,0.08
1400,0.0007680491551459293,0.08
969,0.0007680491551459293,0.08
2101,0.0007680491551459293,0.08
845,0.0007680491551459293,0.08
682,0.0007680491551459293,0.08
1188,0.0007680491551459293,0.08
538,0.0007680491551459293,0.08
753,0.0007680491551459293,0.08
793,0.0007680491551459293,0.08
1990,0.0007680491551459293,0.08
268,0.0007680491551459293,0.08
1520,0.0007680491551459293,0.08
2249,0.0007680491551459293,0.08
2690,0.0007680491551459293,0.08
1071,0.0007680491551459293,0.08
979,0.0007680491551459293,0.08
914,0.0007680491551459293,0.08
3020,0.0007680491551459293,0.08
1086,0.0007680491551459293,0.08
1945,0.0007680491551459293,0.08
920,0.0007680491551459293,0.08
1630,0.0007680491551459293,0.08
1995,0.0005120327700972862,0.05
1058,0.0005120327700972862,0.05
1616,0.0005120327700972862,0.05
3272,0.0005120327700972862,0.05
4247,0.0005120327700972862,0.05
2062,0.0005120327700972862,0.05
1303,0.0005120327700972862,0.05
1419,0.0005120327700972862,0.05
1924,0.0005120327700972862,0.05
1695,0.0005120327700972862,0.05
3391,0.0005120327700972862,0.05
821,0.0005120327700972862,0.05
1523,0.0005120327700972862,0.05
1935,0.0005120327700972862,0.05
2902,0.0005120327700972862,0.05
911,0.0005120327700972862,0.05
536,0.0005120327700972862,0.05
328,0.0005120327700972862,0.05
539,0.0005120327700972862,0.05
1098,0.0005120327700972862,0.05
142,0.0005120327700972862,0.05
1346,0.0005120327700972862,0.05
1907,0.0005120327700972862,0.05
1649,0.0005120327700972862,0.05
893,0.0005120327700972862,0.05
1622,0.0005120327700972862,0.05
2610,0.0005120327700972862,0.05
3296,0.0005120327700972862,0.05
730,0.0005120327700972862,0.05
930,0.0005120327700972862,0.05
1383,0.0005120327700972862,0.05
1632,0.0005120327700972862,0.05
2438,0.0005120327700972862,0.05
2541,0.0005120327700972862,0.05
1092,0.0005120327700972862,0.05
2191,0.0005120327700972862,0.05
1998,0.0005120327700972862,0.05
2093,0.0005120327700972862,0.05
1589,0.0005120327700972862,0.05
199,0.0005120327700972862,0.05
1894,0.0005120327700972862,0.05
1499,0.0005120327700972862,0.05
1130,0.0005120327700972862,0.05
1983,0.0005120327700972862,0.05
1817,0.0005120327700972862,0.05
1558,0.0005120327700972862,0.05
514,0.0005120327700972862,0.05
2252,0.0005120327700972862,0.05
2491,0.0005120327700972862,0.05
784,0.0005120327700972862,0.05
1368,0.0005120327700972862,0.05
1638,0.0005120327700972862,0.05
842,0.0005120327700972862,0.05
2121,0.0005120327700972862,0.05
361,0.0005120327700972862,0.05
2245,0.0005120327700972862,0.05
2243,0.0005120327700972862,0.05
1879,0.0005120327700972862,0.05
765,0.0005120327700972862,0.05
517,0.0005120327700972862,0.05
1643,0.0005120327700972862,0.05
1588,0.0005120327700972862,0.05
3194,0.0005120327700972862,0.05
1519,0.0005120327700972862,0.05
1102,0.0005120327700972862,0.05
2605,0.0005120327700972862,0.05
1027,0.0005120327700972862,0.05
1602,0.0005120327700972862,0.05
2433,0.0005120327700972862,0.05
644,0.0005120327700972862,0.05
980,0.0005120327700972862,0.05
1326,0.0005120327700972862,0.05
1635,0.0005120327700972862,0.05
1929,0.0005120327700972862,0.05
1048,0.0005120327700972862,0.05
852,0.0005120327700972862,0.05
472,0.0005120327700972862,0.05
1450,0.0005120327700972862,0.05
2912,0.0005120327700972862,0.05
3015,0.0005120327700972862,0.05
741,0.0005120327700972862,0.05
1037,0.0005120327700972862,0.05
1584,0.0005120327700972862,0.05
563,0.0005120327700972862,0.05
2010,0.0005120327700972862,0.05
2636,0.0005120327700972862,0.05
2885,0.0005120327700972862,0.05
1952,0.0005120327700972862,0.05
1190,0.0005120327700972862,0.05
1452,0.0005120327700972862,0.05
2350,0.0005120327700972862,0.05
112,0.0005120327700972862,0.05
1172,0.0005120327700972862,0.05
1801,0.0005120327700972862,0.05
1890,0.0005120327700972862,0.05
1981,0.0005120327700972862,0.05
2418,0.0005120327700972862,0.05
1225,0.0005120327700972862,0.05
2278,0.0005120327700972862,0.05
1213,0.0005120327700972862,0.05
1258,0.0005120327700972862,0.05
710,0.0005120327700972862,0.05
1623,0.0005120327700972862,0.05
1417,0.0005120327700972862,0.05
1538,0.0005120327700972862,0.05
1656,0.0005120327700972862,0.05
1642,0.0005120327700972862,0.05
2521,0.0005120327700972862,0.05
868,0.0005120327700972862,0.05
1052,0.0005120327700972862,0.05
1187,0.0005120327700972862,0.05
3770,0.0005120327700972862,0.05
853,0.0005120327700972862,0.05
2873,0.0005120327700972862,0.05
2497,0.0005120327700972862,0.05
781,0.0005120327700972862,0.05
1634,0.0005120327700972862,0.05
3586,0.0005120327700972862,0.05
1069,0.0005120327700972862,0.05
1939,0.0005120327700972862,0.05
917,0.0005120327700972862,0.05
327,0.0005120327700972862,0.05
655,0.0005120327700972862,0.05
575,0.0005120327700972862,0.05
1272,0.0005120327700972862,0.05
632,0.0005120327700972862,0.05
1464,0.0005120327700972862,0.05
1075,0.0005120327700972862,0.05
690,0.0005120327700972862,0.05
1179,0.0005120327700972862,0.05
806,0.0005120327700972862,0.05
904,0.0005120327700972862,0.05
1686,0.0005120327700972862,0.05
1250,0.0005120327700972862,0.05
651,0.0005120327700972862,0.05
1356,0.0005120327700972862,0.05
2097,0.0005120327700972862,0.05
1946,0.0005120327700972862,0.05
573,0.0005120327700972862,0.05
1183,0.0005120327700972862,0.05
804,0.0005120327700972862,0.05
1521,0.0005120327700972862,0.05
807,0.0005120327700972862,0.05
1492,0.0005120327700972862,0.05
1023,0.0005120327700972862,0.05
1855,0.0005120327700972862,0.05
1116,0.0005120327700972862,0.05
392,0.0005120327700972862,0.05
621,0.0005120327700972862,0.05
3582,0.0005120327700972862,0.05
1281,0.0005120327700972862,0.05
918,0.0005120327700972862,0.05
997,0.0005120327700972862,0.05
1455,0.0005120327700972862,0.05
686,0.0005120327700972862,0.05
1174,0.0005120327700972862,0.05
847,0.0005120327700972862,0.05
1031,0.0005120327700972862,0.05
2352,0.0005120327700972862,0.05
668,0.0005120327700972862,0.05
890,0.0005120327700972862,0.05
1996,0.0005120327700972862,0.05
3258,0.0005120327700972862,0.05
664,0.0005120327700972862,0.05
566,0.0005120327700972862,0.05
840,0.0005120327700972862,0.05
1409,0.0005120327700972862,0.05
280,0.0005120327700972862,0.05
532,0.0005120327700972862,0.05
457,0.0005120327700972862,0.05
816,0.0005120327700972862,0.05
2378,0.0005120327700972862,0.05
3498,0.0005120327700972862,0.05
434,0.0005120327700972862,0.05
2365,0.0005120327700972862,0.05
1411,0.0005120327700972862,0.05
1842,0.0005120327700972862,0.05
1763,0.0005120327700972862,0.05
1806,0.0005120327700972862,0.05
1355,0.0005120327700972862,0.05
1412,0.0005120327700972862,0.05
2218,0.0005120327700972862,0.05
1339,0.0005120327700972862,0.05
1772,0.0005120327700972862,0.05
681,0.0005120327700972862,0.05
1119,0.0005120327700972862,0.05
677,0.0005120327700972862,0.05
508,0.0005120327700972862,0.05
1592,0.0005120327700972862,0.05
1496,0.0005120327700972862,0.05
2058,0.0005120327700972862,0.05
2737,0.0005120327700972862,0.05
1467,0.0005120327700972862,0.05
860,0.0005120327700972862,0.05
2215,0.0005120327700972862,0.05
966,0.0005120327700972862,0.05
1088,0.0005120327700972862,0.05
2736,0.0005120327700972862,0.05
2259,0.0005120327700972862,0.05
1911,0.0005120327700972862,0.05
2562,0.0005120327700972862,0.05
1371,0.0005120327700972862,0.05
2770,0.0005120327700972862,0.05
2667,0.0005120327700972862,0.05
1099,0.0005120327700972862,0.05
1244,0.0005120327700972862,0.05
169,0.0005120327700972862,0.05
490,0.0005120327700972862,0.05
1850,0.0005120327700972862,0.05
162,0.0005120327700972862,0.05
1816,0.0005120327700972862,0.05
1259,0.0005120327700972862,0.05
972,0.0005120327700972862,0.05
764,0.0005120327700972862,0.05
1797,0.0005120327700972862,0.05
667,0.0005120327700972862,0.05
1587,0.0005120327700972862,0.05
149,0.0005120327700972862,0.05
138,0.0005120327700972862,0.05
1460,0.0005120327700972862,0.05
1236,0.0005120327700972862,0.05
1506,0.0005120327700972862,0.05
2089,0.0005120327700972862,0.05
1702,0.0005120327700972862,0.05
2030,0.0005120327700972862,0.05
2415,0.0005120327700972862,0.05
898,0.0005120327700972862,0.05
1053,0.0005120327700972862,0.05
1750,0.0005120327700972862,0.05
1217,0.0005120327700972862,0.05
1770,0.0005120327700972862,0.05
1761,0.0005120327700972862,0.05
2395,0.0005120327700972862,0.05
1029,0.0005120327700972862,0.05
1140,0.0005120327700972862,0.05
544,0.0005120327700972862,0.05
884,0.0005120327700972862,0.05
1422,0.0005120327700972862,0.05
1444,0.0005120327700972862,0.05
935,0.0005120327700972862,0.05
891,0.0005120327700972862,0.05
1286,0.0005120327700972862,0.05
672,0.0005120327700972862,0.05
546,0.0005120327700972862,0.05
1899,0.0005120327700972862,0.05
1186,0.0005120327700972862,0.05
624,0.0005120327700972862,0.05
921,0.0005120327700972862,0.05
1585,0.0005120327700972862,0.05
1594,0.0005120327700972862,0.05
2486,0.0005120327700972862,0.05
2005,0.0005120327700972862,0.05
1308,0.0005120327700972862,0.05
799,0.0005120327700972862,0.05
1315,0.0005120327700972862,0.05
1161,0.0005120327700972862,0.05
1961,0.0005120327700972862,0.05
1476,0.0005120327700972862,0.05
386,0.0005120327700972862,0.05
196,0.0005120327700972862,0.05
1501,0.0005120327700972862,0.05
1572,0.0005120327700972862,0.05
351,0.0005120327700972862,0.05
1118,0.0005120327700972862,0.05
1103,0.0005120327700972862,0.05
1666,0.0005120327700972862,0.05
1219,0.0005120327700972862,0.05
451,0.0005120327700972862,0.05
353,0.0005120327700972862,0.05
1032,0.0005120327700972862,0.05
669,0.0005120327700972862,0.05
2147,0.0005120327700972862,0.05
1214,0.0005120327700972862,0.05
233,0.0005120327700972862,0.05
529,0.0005120327700972862,0.05
994,0.0005120327700972862,0.05
576,0.0005120327700972862,0.05
737,0.0005120327700972862,0.05
1829,0.0005120327700972862,0.05
1696,0.0005120327700972862,0.05
303,0.0005120327700972862,0.05
1746,0.0005120327700972862,0.05
2301,0.0005120327700972862,0.05
2006,0.0005120327700972862,0.05
975,0.0005120327700972862,0.05
923,0.0005120327700972862,0.05
2031,0.0005120327700972862,0.05
3112,0.0005120327700972862,0.05
1224,0.0005120327700972862,0.05
2268,0.0005120327700972862,0.05
704,0.0005120327700972862,0.05
1639,0.0005120327700972862,0.05
3469,0.0005120327700972862,0.05
794,0.0005120327700972862,0.05
2924,0.0005120327700972862,0.05
1395,0.0005120327700972862,0.05
447,0.0005120327700972862,0.05
1138,0.0005120327700972862,0.05
469,0.0005120327700972862,0.05
1776,0.0005120327700972862,0.05
292,0.0005120327700972862,0.05
165,0.0005120327700972862,0.05
2032,0.0005120327700972862,0.05
4131,0.0005120327700972862,0.05
2713,0.0005120327700972862,0.05
485,0.0005120327700972862,0.05
278,0.0005120327700972862,0.05
1546,0.0005120327700972862,0.05
2780,0.0005120327700972862,0.05
1533,0.0005120327700972862,0.05
234,0.0005120327700972862,0.05
2572,0.0005120327700972862,0.05
1091,0.0005120327700972862,0.05
869,0.0005120327700972862,0.05
633,0.0005120327700972862,0.05
859,0.0005120327700972862,0.05
2188,0.0005120327700972862,0.05
1240,0.0005120327700972862,0.05
760,0.0005120327700972862,0.05
3893,0.0005120327700972862,0.05
1257,0.0005120327700972862,0.05
348,0.0005120327700972862,0.05
154,0.0005120327700972862,0.05
323,0.0005120327700972862,0.05
257,0.0005120327700972862,0.05
2384,0.0005120327700972862,0.05
3003,0.0005120327700972862,0.05
603,0.0005120327700972862,0.05
134,0.0005120327700972862,0.05
1373,0.0005120327700972862,0.05
582,0.0005120327700972862,0.05
1887,0.0005120327700972862,0.05
2077,0.0005120327700972862,0.05
572,0.0005120327700972862,0.05
1497,0.0005120327700972862,0.05
1251,0.0005120327700972862,0.05
2138,0.0005120327700972862,0.05
1903,0.0005120327700972862,0.05
2474,0.0005120327700972862,0.05
2293,0.0005120327700972862,0.05
1593,0.0005120327700972862,0.05
350,0.0005120327700972862,0.05
1672,0.0005120327700972862,0.05
763,0.0005120327700972862,0.05
1664,0.0005120327700972862,0.05
862,0.0005120327700972862,0.05
1142,0.0005120327700972862,0.05
540,0.0005120327700972862,0.05
1191,0.0005120327700972862,0.05
1394,0.0005120327700972862,0.05
1570,0.0005120327700972862,0.05
1578,0.0005120327700972862,0.05
2156,0.0005120327700972862,0.05
239,0.0005120327700972862,0.05
549,0.0005120327700972862,0.05
899,0.0005120327700972862,0.05
489,0.0005120327700972862,0.05
324,0.0005120327700972862,0.05
720,0.0005120327700972862,0.05
1242,0.0005120327700972862,0.05
906,0.0005120327700972862,0.05
108,0.0005120327700972862,0.05
744,0.0005120327700972862,0.05
1406,0.0005120327700972862,0.05
1808,0.0005120327700972862,0.05
584,0.0005120327700972862,0.05
304,0.0005120327700972862,0.05
2905,0.0005120327700972862,0.05
1200,0.0005120327700972862,0.05
1022,0.0005120327700972862,0.05
570,0.0005120327700972862,0.05
947,0.0005120327700972862,0.05
688,0.0005120327700972862,0.05
1121,0.0005120327700972862,0.05
1060,0.0005120327700972862,0.05
2561,0.0005120327700972862,0.05
683,0.0005120327700972862,0.05
426,0.0005120327700972862,0.05
1220,0.0005120327700972862,0.05
476,0.0005120327700972862,0.05
153,0.0005120327700972862,0.05
421,0.0005120327700972862,0.05
1318,0.0005120327700972862,0.05
445,0.0005120327700972862,0.05
1024,0.0005120327700972862,0.05
2114,0.0005120327700972862,0.05
2935,0.0005120327700972862,0.05
1203,0.0005120327700972862,0.05
808,0.0005120327700972862,0.05
1057,0.0005120327700972862,0.05
1967,0.0005120327700972862,0.05
3223,0.0005120327700972862,0.05
1554,0.0005120327700972862,0.05
2975,0.0005120327700972862,0.05
427,0.0005120327700972862,0.05
2375,0.0005120327700972862,0.05
2193,0.0005120327700972862,0.05
200,0.0005120327700972862,0.05
954,0.0005120327700972862,0.05
1105,0.0005120327700972862,0.05
1158,0.0005120327700972862,0.05
171,0.0005120327700972862,0.05
1209,0.0005120327700972862,0.05
1036,0.0005120327700972862,0.05
2002,0.0005120327700972862,0.05
2237,0.0005120327700972862,0.05
341,0.0005120327700972862,0.05
545,0.0005120327700972862,0.05
391,0.0005120327700972862,0.05
2660,0.0005120327700972862,0.05
1474,0.0005120327700972862,0.05
246,0.0005120327700972862,0.05
778,0.0005120327700972862,0.05
520,0.0005120327700972862,0.05
8626,0.0005120327700972862,0.05
1792,0.0005120327700972862,0.05
1030,0.0005120327700972862,0.05
849,0.0005120327700972862,0.05
493,0.0005120327700972862,0.05
444,0.0005120327700972862,0.05
2431,0.0005120327700972862,0.05
1328,0.0005120327700972862,0.05
1064,0.0005120327700972862,0.05
874,0.0005120327700972862,0.05
1524,0.0005120327700972862,0.05
1786,0.0005120327700972862,0.05
1896,0.0005120327700972862,0.05
825,0.0005120327700972862,0.05
2689,0.0005120327700972862,0.05
1726,0.0005120327700972862,0.05
3075,0.0005120327700972862,0.05
2204,0.0005120327700972862,0.05
1473,0.0005120327700972862,0.05
950,0.0005120327700972862,0.05
1744,0.0005120327700972862,0.05
1493,0.0005120327700972862,0.05
1205,0.0005120327700972862,0.05
2220,0.0005120327700972862,0.05
381,0.0005120327700972862,0.05
335,0.0005120327700972862,0.05
415,0.0005120327700972862,0.05
1956,0.0005120327700972862,0.05
1747,0.0005120327700972862,0.05
1991,0.0005120327700972862,0.05
1557,0.0005120327700972862,0.05
1192,0.0005120327700972862,0.05
513,0.0005120327700972862,0.05
1754,0.0005120327700972862,0.05
1025,0.0005120327700972862,0.05
857,0.0005120327700972862,0.05
499,0.0005120327700972862,0.05
1398,0.0005120327700972862,0.05
1510,0.0005120327700972862,0.05
2105,0.0005120327700972862,0.05
1427,0.0005120327700972862,0.05
2263,0.0005120327700972862,0.05
831,0.0005120327700972862,0.05
2608,0.0005120327700972862,0.05
1803,0.0005120327700972862,0.05
548,0.0005120327700972862,0.05
1610,0.0005120327700972862,0.05
1489,0.0005120327700972862,0.05
1135,0.0005120327700972862,0.05
1865,0.0005120327700972862,0.05
2167,0.0005120327700972862,0.05
2632,0.0005120327700972862,0.05
2753,0.0005120327700972862,0.05
1782,0.0005120327700972862,0.05
374,0.0005120327700972862,0.05
1905,0.0005120327700972862,0.05
1247,0.0005120327700972862,0.05
1827,0.0005120327700972862,0.05
1550,0.0005120327700972862,0.05
1361,0.0005120327700972862,0.05
2504,0.0005120327700972862,0.05
968,0.0005120327700972862,0.05
856,0.0005120327700972862,0.05
2485,0.0005120327700972862,0.05
218,0.0005120327700972862,0.05
965,0.0005120327700972862,0.05
990,0.0005120327700972862,0.05
1567,0.0005120327700972862,0.05
1536,0.0005120327700972862,0.05
1525,0.0005120327700972862,0.05
1675,0.0005120327700972862,0.05
1807,0.0005120327700972862,0.05
1526,0.0005120327700972862,0.05
1608,0.0005120327700972862,0.05
2707,0.0005120327700972862,0.05
1469,0.0005120327700972862,0.05
2887,0.0005120327700972862,0.05
1359,0.0005120327700972862,0.05
1606,0.0005120327700972862,0.05
2321,0.0005120327700972862,0.05
1083,0.0005120327700972862,0.05
3156,0.0005120327700972862,0.05
2045,0.0005120327700972862,0.05
1202,0.0005120327700972862,0.05
2332,0.0005120327700972862,0.05
2643,0.0005120327700972862,0.05
838,0.0005120327700972862,0.05
577,0.0005120327700972862,0.05
2162,0.0005120327700972862,0.05
2603,0.0005120327700972862,0.05
2171,0.0005120327700972862,0.05
595,0.0005120327700972862,0.05
2377,0.0005120327700972862,0.05
981,0.0005120327700972862,0.05
892,0.0005120327700972862,0.05
1791,0.0005120327700972862,0.05
1886,0.0005120327700972862,0.05
375,0.0005120327700972862,0.05
733,0.0005120327700972862,0.05
1629,0.0005120327700972862,0.05
2360,0.0005120327700972862,0.05
1682,0.0005120327700972862,0.05
937,0.0005120327700972862,0.05
684,0.0005120327700972862,0.05
534,0.0005120327700972862,0.05
962,0.0005120327700972862,0.05
885,0.0005120327700972862,0.05
936,0.0005120327700972862,0.05
1820,0.0005120327700972862,0.05
1713,0.0005120327700972862,0.05
1888,0.0005120327700972862,0.05
2393,0.0005120327700972862,0.05
1788,0.0005120327700972862,0.05
461,0.0005120327700972862,0.05
1748,0.0005120327700972862,0.05
2054,0.0005120327700972862,0.05
609,0.0005120327700972862,0.05
2871,0.0005120327700972862,0.05
2886,0.0005120327700972862,0.05
1921,0.0005120327700972862,0.05
150,0.0005120327700972862,0.05
1293,0.0005120327700972862,0.05
1874,0.0005120327700972862,0.05
1871,0.0005120327700972862,0.05
3435,0.0005120327700972862,0.05
523,0.0005120327700972862,0.05
714,0.0005120327700972862,0.05
897,0.0005120327700972862,0.05
1647,0.0005120327700972862,0.05
261,0.0005120327700972862,0.05
290,0.0005120327700972862,0.05
679,0.0005120327700972862,0.05
896,0.0005120327700972862,0.05
1704,0.0005120327700972862,0.05
1341,0.0005120327700972862,0.05
836,0.0005120327700972862,0.05
143,0.0005120327700972862,0.05
481,0.0005120327700972862,0.05
1925,0.0005120327700972862,0.05
1885,0.0005120327700972862,0.05
2653,0.0005120327700972862,0.05
2036,0.0005120327700972862,0.05
642,0.0005120327700972862,0.05
1039,0.0005120327700972862,0.05
3252,0.0005120327700972862,0.05
189,0.0005120327700972862,0.05
2091,0.0005120327700972862,0.05
2163,0.0005120327700972862,0.05
1626,0.0005120327700972862,0.05
2203,0.0005120327700972862,0.05
2900,0.0005120327700972862,0.05
841,0.0005120327700972862,0.05
238,0.0005120327700972862,0.05
1403,0.0005120327700972862,0.05
1407,0.0002560163850486431,0.03
4365,0.0002560163850486431,0.03
5533,0.0002560163850486431,0.03
3782,0.0002560163850486431,0.03
1757,0.0002560163850486431,0.03
2023,0.0002560163850486431,0.03
8067,0.0002560163850486431,0.03
4183,0.0002560163850486431,0.03
2404,0.0002560163850486431,0.03
3384,0.0002560163850486431,0.03
307,0.0002560163850486431,0.03
2111,0.0002560163850486431,0.03
3216,0.0002560163850486431,0.03
3236,0.0002560163850486431,0.03
2330,0.0002560163850486431,0.03
5461,0.0002560163850486431,0.03
1442,0.0002560163850486431,0.03
7460,0.0002560163850486431,0.03
3122,0.0002560163850486431,0.03
10110,0.0002560163850486431,0.03
5326,0.0002560163850486431,0.03
2260,0.0002560163850486431,0.03
1687,0.0002560163850486431,0.03
9642,0.0002560163850486431,0.03
1255,0.0002560163850486431,0.03
2606,0.0002560163850486431,0.03
2984,0.0002560163850486431,0.03
3871,0.0002560163850486431,0.03
2559,0.0002560163850486431,0.03
2459,0.0002560163850486431,0.03
7386,0.0002560163850486431,0.03
3583,0.0002560163850486431,0.03
2832,0.0002560163850486431,0.03
8305,0.0002560163850486431,0.03
2943,0.0002560163850486431,0.03
2367,0.0002560163850486431,0.03
1861,0.0002560163850486431,0.03
882,0.0002560163850486431,0.03
1388,0.0002560163850486431,0.03
2334,0.0002560163850486431,0.03
1900,0.0002560163850486431,0.03
2764,0.0002560163850486431,0.03
2850,0.0002560163850486431,0.03
2546,0.0002560163850486431,0.03
183,0.0002560163850486431,0.03
861,0.0002560163850486431,0.03
2553,0.0002560163850486431,0.03
822,0.0002560163850486431,0.03
3448,0.0002560163850486431,0.03
1193,0.0002560163850486431,0.03
275,0.0002560163850486431,0.03
2172,0.0002560163850486431,0.03
2956,0.0002560163850486431,0.03
1881,0.0002560163850486431,0.03
1252,0.0002560163850486431,0.03
2250,0.0002560163850486431,0.03
2234,0.0002560163850486431,0.03
1697,0.0002560163850486431,0.03
2331,0.0002560163850486431,0.03
3116,0.0002560163850486431,0.03
2312,0.0002560163850486431,0.03
2805,0.0002560163850486431,0.03
1366,0.0002560163850486431,0.03
7138,0.0002560163850486431,0.03
1018,0.0002560163850486431,0.03
9788,0.0002560163850486431,0.03
4638,0.0002560163850486431,0.03
1648,0.0002560163850486431,0.03
4524,0.0002560163850486431,0.03
4320,0.0002560163850486431,0.03
5438,0.0002560163850486431,0.03
3931,0.0002560163850486431,0.03
4306,0.0002560163850486431,0.03
7719,0.0002560163850486431,0.03
6695,0.0002560163850486431,0.03
7428,0.0002560163850486431,0.03
2211,0.0002560163850486431,0.03
3906,0.0002560163850486431,0.03
3141,0.0002560163850486431,0.03
3350,0.0002560163850486431,0.03
2265,0.0002560163850486431,0.03
1133,0.0002560163850486431,0.03
1992,0.0002560163850486431,0.03
2035,0.0002560163850486431,0.03
5528,0.0002560163850486431,0.03
2073,0.0002560163850486431,0.03
2657,0.0002560163850486431,0.03
3518,0.0002560163850486431,0.03
1605,0.0002560163850486431,0.03
2295,0.0002560163850486431,0.03
2123,0.0002560163850486431,0.03
2681,0.0002560163850486431,0.03
960,0.0002560163850486431,0.03
1342,0.0002560163850486431,0.03
2066,0.0002560163850486431,0.03
2798,0.0002560163850486431,0.03
3686,0.0002560163850486431,0.03
1621,0.0002560163850486431,0.03
3677,0.0002560163850486431,0.03
2027,0.0002560163850486431,0.03
2241,0.0002560163850486431,0.03
5814,0.0002560163850486431,0.03
6406,0.0002560163850486431,0.03
8300,0.0002560163850486431,0.03
1963,0.0002560163850486431,0.03
2192,0.0002560163850486431,0.03
2763,0.0002560163850486431,0.03
2565,0.0002560163850486431,0.03
3004,0.0002560163850486431,0.03
3920,0.0002560163850486431,0.03
2665,0.0002560163850486431,0.03
2651,0.0002560163850486431,0.03
3214,0.0002560163850486431,0.03
3011,0.0002560163850486431,0.03
1591,0.0002560163850486431,0.03
2322,0.0002560163850486431,0.03
3050,0.0002560163850486431,0.03
2965,0.0002560163850486431,0.03
2160,0.0002560163850486431,0.03
2233,0.0002560163850486431,0.03
2144,0.0002560163850486431,0.03
10127,0.0002560163850486431,0.03
1561,0.0002560163850486431,0.03
4602,0.0002560163850486431,0.03
4416,0.0002560163850486431,0.03
5678,0.0002560163850486431,0.03
1916,0.0002560163850486431,0.03
2297,0.0002560163850486431,0.03
2490,0.0002560163850486431,0.03
3652,0.0002560163850486431,0.03
1637,0.0002560163850486431,0.03
1577,0.0002560163850486431,0.03
2098,0.0002560163850486431,0.03
3516,0.0002560163850486431,0.03
5685,0.0002560163850486431,0.03
3071,0.0002560163850486431,0.03
3340,0.0002560163850486431,0.03
3537,0.0002560163850486431,0.03
3935,0.0002560163850486431,0.03
2004,0.0002560163850486431,0.03
1184,0.0002560163850486431,0.03
2355,0.0002560163850486431,0.03
2435,0.0002560163850486431,0.03
2788,0.0002560163850486431,0.03
6769,0.0002560163850486431,0.03
7347,0.0002560163850486431,0.03
2043,0.0002560163850486431,0.03
3596,0.0002560163850486431,0.03
4644,0.0002560163850486431,0.03
6764,0.0002560163850486431,0.03
3347,0.0002560163850486431,0.03
8818,0.0002560163850486431,0.03
4158,0.0002560163850486431,0.03
2509,0.0002560163850486431,0.03
3471,0.0002560163850486431,0.03
357,0.0002560163850486431,0.03
382,0.0002560163850486431,0.03
654,0.0002560163850486431,0.03
1201,0.0002560163850486431,0.03
2405,0.0002560163850486431,0.03
373,0.0002560163850486431,0.03
1382,0.0002560163850486431,0.03
1668,0.0002560163850486431,0.03
2065,0.0002560163850486431,0.03
368,0.0002560163850486431,0.03
2897,0.0002560163850486431,0.03
597,0.0002560163850486431,0.03
537,0.0002560163850486431,0.03
2617,0.0002560163850486431,0.03
478,0.0002560163850486431,0.03
2244,0.0002560163850486431,0.03
1505,0.0002560163850486431,0.03
889,0.0002560163850486431,0.03
1306,0.0002560163850486431,0.03
3486,0.0002560163850486431,0.03
2354,0.0002560163850486431,0.03
2284,0.0002560163850486431,0.03
2134,0.0002560163850486431,0.03
228,0.0002560163850486431,0.03
1863,0.0002560163850486431,0.03
660,0.0002560163850486431,0.03
2368,0.0002560163850486431,0.03
1264,0.0002560163850486431,0.03
4094,0.0002560163850486431,0.03
1901,0.0002560163850486431,0.03
4413,0.0002560163850486431,0.03
2614,0.0002560163850486431,0.03
953,0.0002560163850486431,0.03
2092,0.0002560163850486431,0.03
1457,0.0002560163850486431,0.03
910,0.0002560163850486431,0.03
1216,0.0002560163850486431,0.03
2483,0.0002560163850486431,0.03
2166,0.0002560163850486431,0.03
1614,0.0002560163850486431,0.03
504,0.0002560163850486431,0.03
623,0.0002560163850486431,0.03
568,0.0002560163850486431,0.03
693,0.0002560163850486431,0.03
2787,0.0002560163850486431,0.03
1535,0.0002560163850486431,0.03
951,0.0002560163850486431,0.03
1755,0.0002560163850486431,0.03
6337,0.0002560163850486431,0.03
634,0.0002560163850486431,0.03
244,0.0002560163850486431,0.03
1821,0.0002560163850486431,0.03
1063,0.0002560163850486431,0.03
2464,0.0002560163850486431,0.03
1307,0.0002560163850486431,0.03
1454,0.0002560163850486431,0.03
202,0.0002560163850486431,0.03
4178,0.0002560163850486431,0.03
2545,0.0002560163850486431,0.03
468,0.0002560163850486431,0.03
1902,0.0002560163850486431,0.03
3162,0.0002560163850486431,0.03
526,0.0002560163850486431,0.03
636,0.0002560163850486431,0.03
971,0.0002560163850486431,0.03
1001,0.0002560163850486431,0.03
4480,0.0002560163850486431,0.03
3936,0.0002560163850486431,0.03
3274,0.0002560163850486431,0.03
2587,0.0002560163850486431,0.03
1462,0.0002560163850486431,0.03
3298,0.0002560163850486431,0.03
3121,0.0002560163850486431,0.03
1431,0.0002560163850486431,0.03
2710,0.0002560163850486431,0.03
2678,0.0002560163850486431,0.03
2011,0.0002560163850486431,0.03
3752,0.0002560163850486431,0.03
1586,0.0002560163850486431,0.03
832,0.0002560163850486431,0.03
279,0.0002560163850486431,0.03
1375,0.0002560163850486431,0.03
139,0.0002560163850486431,0.03
1771,0.0002560163850486431,0.03
437,0.0002560163850486431,0.03
459,0.0002560163850486431,0.03
846,0.0002560163850486431,0.03
1511,0.0002560163850486431,0.03
1539,0.0002560163850486431,0.03
1975,0.0002560163850486431,0.03
2080,0.0002560163850486431,0.03
2239,0.0002560163850486431,0.03
3206,0.0002560163850486431,0.03
3605,0.0002560163850486431,0.03
334,0.0002560163850486431,0.03
409,0.0002560163850486431,0.03
2437,0.0002560163850486431,0.03
1824,0.0002560163850486431,0.03
2090,0.0002560163850486431,0.03
2567,0.0002560163850486431,0.03
2267,0.0002560163850486431,0.03
1267,0.0002560163850486431,0.03
3874,0.0002560163850486431,0.03
2068,0.0002560163850486431,0.03
2750,0.0002560163850486431,0.03
3393,0.0002560163850486431,0.03
1962,0.0002560163850486431,0.03
1615,0.0002560163850486431,0.03
14860,0.0002560163850486431,0.03
8921,0.0002560163850486431,0.03
3134,0.0002560163850486431,0.03
14996,0.0002560163850486431,0.03
10387,0.0002560163850486431,0.03
2083,0.0002560163850486431,0.03
3949,0.0002560163850486431,0.03
4226,0.0002560163850486431,0.03
5761,0.0002560163850486431,0.03
2333,0.0002560163850486431,0.03
7113,0.0002560163850486431,0.03
2122,0.0002560163850486431,0.03
2516,0.0002560163850486431,0.03
4468,0.0002560163850486431,0.03
9655,0.0002560163850486431,0.03
157,0.0002560163850486431,0.03
560,0.0002560163850486431,0.03
824,0.0002560163850486431,0.03
192,0.0002560163850486431,0.03
111,0.0002560163850486431,0.03
2627,0.0002560163850486431,0.03
2604,0.0002560163850486431,0.03
1595,0.0002560163850486431,0.03
7833,0.0002560163850486431,0.03
2865,0.0002560163850486431,0.03
2882,0.0002560163850486431,0.03
2033,0.0002560163850486431,0.03
1795,0.0002560163850486431,0.03
1223,0.0002560163850486431,0.03
1295,0.0002560163850486431,0.03
2890,0.0002560163850486431,0.03
1982,0.0002560163850486431,0.03
7650,0.0002560163850486431,0.03
5061,0.0002560163850486431,0.03
5166,0.0002560163850486431,0.03
2586,0.0002560163850486431,0.03
2927,0.0002560163850486431,0.03
2929,0.0002560163850486431,0.03
3033,0.0002560163850486431,0.03
4175,0.0002560163850486431,0.03
3406,0.0002560163850486431,0.03
1461,0.0002560163850486431,0.03
4099,0.0002560163850486431,0.03
4153,0.0002560163850486431,0.03
792,0.0002560163850486431,0.03
242,0.0002560163850486431,0.03
2992,0.0002560163850486431,0.03
815,0.0002560163850486431,0.03
2214,0.0002560163850486431,0.03
1752,0.0002560163850486431,0.03
2514,0.0002560163850486431,0.03
580,0.0002560163850486431,0.03
2324,0.0002560163850486431,0.03
441,0.0002560163850486431,0.03
1421,0.0002560163850486431,0.03
2217,0.0002560163850486431,0.03
2242,0.0002560163850486431,0.03
177,0.0002560163850486431,0.03
455,0.0002560163850486431,0.03
182,0.0002560163850486431,0.03
1773,0.0002560163850486431,0.03
1852,0.0002560163850486431,0.03
482,0.0002560163850486431,0.03
173,0.0002560163850486431,0.03
356,0.0002560163850486431,0.03
355,0.0002560163850486431,0.03
1723,0.0002560163850486431,0.03
271,0.0002560163850486431,0.03
254,0.0002560163850486431,0.03
3245,0.0002560163850486431,0.03
1364,0.0002560163850486431,0.03
3233,0.0002560163850486431,0.03
1847,0.0002560163850486431,0.03
698,0.0002560163850486431,0.03
729,0.0002560163850486431,0.03
864,0.0002560163850486431,0.03
263,0.0002560163850486431,0.03
2264,0.0002560163850486431,0.03
2876,0.0002560163850486431,0.03
410,0.0002560163850486431,0.03
1735,0.0002560163850486431,0.03
2236,0.0002560163850486431,0.03
326,0.0002560163850486431,0.03
2180,0.0002560163850486431,0.03
561,0.0002560163850486431,0.03
2646,0.0002560163850486431,0.03
931,0.0002560163850486431,0.03
2370,0.0002560163850486431,0.03
1553,0.0002560163850486431,0.03
510,0.0002560163850486431,0.03
158,0.0002560163850486431,0.03
98,0.0002560163850486431,0.03
96,0.0002560163850486431,0.03
212,0.0002560163850486431,0.03
783,0.0002560163850486431,0.03
1234,0.0002560163850486431,0.03
258,0.0002560163850486431,0.03
611,0.0002560163850486431,0.03
1263,0.0002560163850486431,0.03
2064,0.0002560163850486431,0.03
1347,0.0002560163850486431,0.03
2744,0.0002560163850486431,0.03
1551,0.0002560163850486431,0.03
1694,0.0002560163850486431,0.03
2879,0.0002560163850486431,0.03
3415,0.0002560163850486431,0.03
176,0.0002560163850486431,0.03
159,0.0002560163850486431,0.03
164,0.0002560163850486431,0.03
101,0.0002560163850486431,0.03
339,0.0002560163850486431,0.03
3034,0.0002560163850486431,0.03
2974,0.0002560163850486431,0.03
94,0.0002560163850486431,0.03
1087,0.0002560163850486431,0.03
1547,0.0002560163850486431,0.03
3784,0.0002560163850486431,0.03
1049,0.0002560163850486431,0.03
1769,0.0002560163850486431,0.03
2028,0.0002560163850486431,0.03
424,0.0002560163850486431,0.03
500,0.0002560163850486431,0.03
2178,0.0002560163850486431,0.03
648,0.0002560163850486431,0.03
2049,0.0002560163850486431,0.03
2434,0.0002560163850486431,0.03
1408,0.0002560163850486431,0.03
349,0.0002560163850486431,0.03
4719,0.0002560163850486431,0.03
1856,0.0002560163850486431,0.03
1690,0.0002560163850486431,0.03
1590,0.0002560163850486431,0.03
1268,0.0002560163850486431,0.03
416,0.0002560163850486431,0.03
1568,0.0002560163850486431,0.03
3275,0.0002560163850486431,0.03
1873,0.0002560163850486431,0.03
877,0.0002560163850486431,0.03
600,0.0002560163850486431,0.03
726,0.0002560163850486431,0.03
2952,0.0002560163850486431,0.03
1741,0.0002560163850486431,0.03
1653,0.0002560163850486431,0.03
3940,0.0002560163850486431,0.03
1809,0.0002560163850486431,0.03
3089,0.0002560163850486431,0.03
270,0.0002560163850486431,0.03
2934,0.0002560163850486431,0.03
466,0.0002560163850486431,0.03
1404,0.0002560163850486431,0.03
1122,0.0002560163850486431,0.03
2938,0.0002560163850486431,0.03
1785,0.0002560163850486431,0.03
3701,0.0002560163850486431,0.03
1631,0.0002560163850486431,0.03
6413,0.0002560163850486431,0.03
3737,0.0002560163850486431,0.03
3494,0.0002560163850486431,0.03
2609,0.0002560163850486431,0.03
3892,0.0002560163850486431,0.03
5219,0.0002560163850486431,0.03
2412,0.0002560163850486431,0.03
2903,0.0002560163850486431,0.03
2730,0.0002560163850486431,0.03
2274,0.0002560163850486431,0.03
2727,0.0002560163850486431,0.03
308,0.0002560163850486431,0.03
2174,0.0002560163850486431,0.03
3603,0.0002560163850486431,0.03
3747,0.0002560163850486431,0.03
2597,0.0002560163850486431,0.03
3422,0.0002560163850486431,0.03
1313,0.0002560163850486431,0.03
3351,0.0002560163850486431,0.03
3544,0.0002560163850486431,0.03
5420,0.0002560163850486431,0.03
3163,0.0002560163850486431,0.03
3560,0.0002560163850486431,0.03
1035,0.0002560163850486431,0.03
186,0.0002560163850486431,0.03
779,0.0002560163850486431,0.03
1665,0.0002560163850486431,0.03
2379,0.0002560163850486431,0.03
1910,0.0002560163850486431,0.03
5841,0.0002560163850486431,0.03
3836,0.0002560163850486431,0.03
3198,0.0002560163850486431,0.03
1204,0.0002560163850486431,0.03
739,0.0002560163850486431,0.03
250,0.0002560163850486431,0.03
2861,0.0002560163850486431,0.03
2959,0.0002560163850486431,0.03
1277,0.0002560163850486431,0.03
2858,0.0002560163850486431,0.03
4051,0.0002560163850486431,0.03
754,0.0002560163850486431,0.03
2139,0.0002560163850486431,0.03
1620,0.0002560163850486431,0.03
2625,0.0002560163850486431,0.03
2703,0.0002560163850486431,0.03
2198,0.0002560163850486431,0.03
2822,0.0002560163850486431,0.03
4774,0.0002560163850486431,0.03
2998,0.0002560163850486431,0.03
1051,0.0002560163850486431,0.03
3517,0.0002560163850486431,0.03
1211,0.0002560163850486431,0.03
4950,0.0002560163850486431,0.03
2392,0.0002560163850486431,0.03
4666,0.0002560163850486431,0.03
309,0.0002560163850486431,0.03
3021,0.0002560163850486431,0.03
2133,0.0002560163850486431,0.03
1527,0.0002560163850486431,0.03
1579,0.0002560163850486431,0.03
2436,0.0002560163850486431,0.03
3290,0.0002560163850486431,0.03
678,0.0002560163850486431,0.03
2527,0.0002560163850486431,0.03
15,0.0002560163850486431,0.03
2560,0.0002560163850486431,0.03
2839,0.0002560163850486431,0.03
1149,0.0002560163850486431,0.03
1378,0.0002560163850486431,0.03
2453,0.0002560163850486431,0.03
4109,0.0002560163850486431,0.03
3354,0.0002560163850486431,0.03
1700,0.0002560163850486431,0.03
1966,0.0002560163850486431,0.03
830,0.0002560163850486431,0.03
3218,0.0002560163850486431,0.03
449,0.0002560163850486431,0.03
2135,0.0002560163850486431,0.03
3251,0.0002560163850486431,0.03
2096,0.0002560163850486431,0.03
789,0.0002560163850486431,0.03
5712,0.0002560163850486431,0.03
2472,0.0002560163850486431,0.03
2390,0.0002560163850486431,0.03
1575,0.0002560163850486431,0.03
3013,0.0002560163850486431,0.03
2808,0.0002560163850486431,0.03
2649,0.0002560163850486431,0.03
4003,0.0002560163850486431,0.03
2717,0.0002560163850486431,0.03
1112,0.0002560163850486431,0.03
993,0.0002560163850486431,0.03
1019,0.0002560163850486431,0.03
3631,0.0002560163850486431,0.03
3078,0.0002560163850486431,0.03
3762,0.0002560163850486431,0.03
4300,0.0002560163850486431,0.03
1466,0.0002560163850486431,0.03
758,0.0002560163850486431,0.03
2478,0.0002560163850486431,0.03
4360,0.0002560163850486431,0.03
4119,0.0002560163850486431,0.03
2580,0.0002560163850486431,0.03
8813,0.0002560163850486431,0.03
2860,0.0002560163850486431,0.03
2323,0.0002560163850486431,0.03
3410,0.0002560163850486431,0.03
8473,0.0002560163850486431,0.03
1725,0.0002560163850486431,0.03
2692,0.0002560163850486431,0.03
2314,0.0002560163850486431,0.03
1867,0.0002560163850486431,0.03
5293,0.0002560163850486431,0.03
3232,0.0002560163850486431,0.03
3998,0.0002560163850486431,0.03
2884,0.0002560163850486431,0.03
2618,0.0002560163850486431,0.03
5060,0.0002560163850486431,0.03
3485,0.0002560163850486431,0.03
2253,0.0002560163850486431,0.03
3496,0.0002560163850486431,0.03
1768,0.0002560163850486431,0.03
1352,0.0002560163850486431,0.03
5520,0.0002560163850486431,0.03
3207,0.0002560163850486431,0.03
3785,0.0002560163850486431,0.03
9334,0.0002560163850486431,0.03
2303,0.0002560163850486431,0.03
3273,0.0002560163850486431,0.03
924,0.0002560163850486431,0.03
3181,0.0002560163850486431,0.03
1166,0.0002560163850486431,0.03
2988,0.0002560163850486431,0.03
2578,0.0002560163850486431,0.03
1254,0.0002560163850486431,0.03
2189,0.0002560163850486431,0.03
3094,0.0002560163850486431,0.03
3613,0.0002560163850486431,0.03
3213,0.0002560163850486431,0.03
3063,0.0002560163850486431,0.03
5373,0.0002560163850486431,0.03
2777,0.0002560163850486431,0.03
3791,0.0002560163850486431,0.03
4268,0.0002560163850486431,0.03
4376,0.0002560163850486431,0.03
3663,0.0002560163850486431,0.03
4706,0.0002560163850486431,0.03
8430,0.0002560163850486431,0.03
4688,0.0002560163850486431,0.03
1715,0.0002560163850486431,0.03
3712,0.0002560163850486431,0.03
2338,0.0002560163850486431,0.03
145051,0.0002560163850486431,0.03
1434,0.0002560163850486431,0.03
1765,0.0002560163850486431,0.03
3178,0.0002560163850486431,0.03
4560,0.0002560163850486431,0.03
3044,0.0002560163850486431,0.03
3281,0.0002560163850486431,0.03
3414,0.0002560163850486431,0.03
2466,0.0002560163850486431,0.03
3237,0.0002560163850486431,0.03
2034,0.0002560163850486431,0.03
2084,0.0002560163850486431,0.03
855,0.0002560163850486431,0.03
3805,0.0002560163850486431,0.03
2473,0.0002560163850486431,0.03
2223,0.0002560163850486431,0.03
2286,0.0002560163850486431,0.03
786,0.0002560163850486431,0.03
1841,0.0002560163850486431,0.03
1670,0.0002560163850486431,0.03
1860,0.0002560163850486431,0.03
4791,0.0002560163850486431,0.03
8635,0.0002560163850486431,0.03
2420,0.0002560163850486431,0.03
3607,0.0002560163850486431,0.03
1262,0.0002560163850486431,0.03
5851,0.0002560163850486431,0.03
4850,0.0002560163850486431,0.03
9419,0.0002560163850486431,0.03
7114,0.0002560163850486431,0.03
9296,0.0002560163850486431,0.03
5587,0.0002560163850486431,0.03
3672,0.0002560163850486431,0.03
4434,0.0002560163850486431,0.03
4812,0.0002560163850486431,0.03
4342,0.0002560163850486431,0.03
9643,0.0002560163850486431,0.03
5425,0.0002560163850486431,0.03
4492,0.0002560163850486431,0.03
3462,0.0002560163850486431,0.03
4384,0.0002560163850486431,0.03
7171,0.0002560163850486431,0.03
1922,0.0002560163850486431,0.03
2081,0.0002560163850486431,0.03
1532,0.0002560163850486431,0.03
1783,0.0002560163850486431,0.03
372,0.0002560163850486431,0.03
3074,0.0002560163850486431,0.03
1987,0.0002560163850486431,0.03
1658,0.0002560163850486431,0.03
125,0.0002560163850486431,0.03
344,0.0002560163850486431,0.03
1502,0.0002560163850486431,0.03
2364,0.0002560163850486431,0.03
4491,0.0002560163850486431,0.03
2131,0.0002560163850486431,0.03
1706,0.0002560163850486431,0.03
608,0.0002560163850486431,0.03
1883,0.0002560163850486431,0.03
2712,0.0002560163850486431,0.03
581,0.0002560163850486431,0.03
1500,0.0002560163850486431,0.03
1522,0.0002560163850486431,0.03
229,0.0002560163850486431,0.03
400,0.0002560163850486431,0.03
1111,0.0002560163850486431,0.03
1720,0.0002560163850486431,0.03
1912,0.0002560163850486431,0.03
2797,0.0002560163850486431,0.03
2382,0.0002560163850486431,0.03
2849,0.0002560163850486431,0.03
1177,0.0002560163850486431,0.03
4570,0.0002560163850486431,0.03
4598,0.0002560163850486431,0.03
732,0.0002560163850486431,0.03
436,0.0002560163850486431,0.03
1919,0.0002560163850486431,0.03
4576,0.0002560163850486431,0.03
2258,0.0002560163850486431,0.03
4137,0.0002560163850486431,0.03
2899,0.0002560163850486431,0.03
3839,0.0002560163850486431,0.03
1208,0.0002560163850486431,0.03
354,0.0002560163850486431,0.03
755,0.0002560163850486431,0.03
826,0.0002560163850486431,0.03
3051,0.0002560163850486431,0.03
1840,0.0002560163850486431,0.03
3176,0.0002560163850486431,0.03
2289,0.0002560163850486431,0.03
2257,0.0002560163850486431,0.03
2076,0.0002560163850486431,0.03
1802,0.0002560163850486431,0.03
1805,0.0002560163850486431,0.03
2835,0.0002560163850486431,0.03
2463,0.0002560163850486431,0.03
8035,0.0002560163850486431,0.03
940,0.0002560163850486431,0.03
3389,0.0002560163850486431,0.03
8831,0.0002560163850486431,0.03
3425,0.0002560163850486431,0.03
3147,0.0002560163850486431,0.03
2266,0.0002560163850486431,0.03
585,0.0002560163850486431,0.03
3087,0.0002560163850486431,0.03
1072,0.0002560163850486431,0.03
2997,0.0002560163850486431,0.03
2834,0.0002560163850486431,0.03
1960,0.0002560163850486431,0.03
1984,0.0002560163850486431,0.03
11133,0.0002560163850486431,0.03
10269,0.0002560163850486431,0.03
2078,0.0002560163850486431,0.03
3244,0.0002560163850486431,0.03
1753,0.0002560163850486431,0.03
498,0.0002560163850486431,0.03
288,0.0002560163850486431,0.03
343,0.0002560163850486431,0.03
3148,0.0002560163850486431,0.03
2372,0.0002560163850486431,0.03
629,0.0002560163850486431,0.03
589,0.0002560163850486431,0.03
2985,0.0002560163850486431,0.03
2177,0.0002560163850486431,0.03
2018,0.0002560163850486431,0.03
1928,0.0002560163850486431,0.03
1951,0.0002560163850486431,0.03
734,0.0002560163850486431,0.03
1843,0.0002560163850486431,0.03
3882,0.0002560163850486431,0.03
104,0.0002560163850486431,0.03
317,0.0002560163850486431,0.03
264,0.0002560163850486431,0.03
675,0.0002560163850486431,0.03
1857,0.0002560163850486431,0.03
3062,0.0002560163850486431,0.03
252,0.0002560163850486431,0.03
1145,0.0002560163850486431,0.03
385,0.0002560163850486431,0.03
2809,0.0002560163850486431,0.03
2766,0.0002560163850486431,0.03
2225,0.0002560163850486431,0.03
3043,0.0002560163850486431,0.03
2526,0.0002560163850486431,0.03
2469,0.0002560163850486431,0.03
2739,0.0002560163850486431,0.03
1573,0.0002560163850486431,0.03
2394,0.0002560163850486431,0.03
123,0.0002560163850486431,0.03
266,0.0002560163850486431,0.03
8716,0.0002560163850486431,0.03
293,0.0002560163850486431,0.03
3305,0.0002560163850486431,0.03
2165,0.0002560163850486431,0.03
7009,0.0002560163850486431,0.03
6317,0.0002560163850486431,0.03
3763,0.0002560163850486431,0.03
5495,0.0002560163850486431,0.03
1691,0.0002560163850486431,0.03
1895,0.0002560163850486431,0.03
3721,0.0002560163850486431,0.03
6608,0.0002560163850486431,0.03
7561,0.0002560163850486431,0.03
4861,0.0002560163850486431,0.03
180,0.0002560163850486431,0.03
433,0.0002560163850486431,0.03
1898,0.0002560163850486431,0.03
1358,0.0002560163850486431,0.03
2292,0.0002560163850486431,0.03
4361,0.0002560163850486431,0.03
2953,0.0002560163850486431,0.03
1185,0.0002560163850486431,0.03
213,0.0002560163850486431,0.03
2869,0.0002560163850486431,0.03
2962,0.0002560163850486431,0.03
4194,0.0002560163850486431,0.03
2281,0.0002560163850486431,0.03
4648,0.0002560163850486431,0.03
3811,0.0002560163850486431,0.03
506,0.0002560163850486431,0.03
1481,0.0002560163850486431,0.03
759,0.0002560163850486431,0.03
452,0.0002560163850486431,0.03
2422,0.0002560163850486431,0.03
285,0.0002560163850486431,0.03
2821,0.0002560163850486431,0.03
4257,0.0002560163850486431,0.03
402,0.0002560163850486431,0.03
147,0.0002560163850486431,0.03
1101,0.0002560163850486431,0.03
4231,0.0002560163850486431,0.03
1727,0.0002560163850486431,0.03
4494,0.0002560163850486431,0.03
2602,0.0002560163850486431,0.03
215,0.0002560163850486431,0.03
1849,0.0002560163850486431,0.03
2853,0.0002560163850486431,0.03
3846,0.0002560163850486431,0.03
2932,0.0002560163850486431,0.03
4021,0.0002560163850486431,0.03
88,0.0002560163850486431,0.03
369,0.0002560163850486431,0.03
393,0.0002560163850486431,0.03
552,0.0002560163850486431,0.03
1483,0.0002560163850486431,0.03
1948,0.0002560163850486431,0.03
1988,0.0002560163850486431,0.03
695,0.0002560163850486431,0.03
313,0.0002560163850486431,0.03
1514,0.0002560163850486431,0.03
211,0.0002560163850486431,0.03
332,0.0002560163850486431,0.03
116,0.0002560163850486431,0.03
2513,0.0002560163850486431,0.03
1068,0.0002560163850486431,0.03
567,0.0002560163850486431,0.03
1968,0.0002560163850486431,0.03
414,0.0002560163850486431,0.03
471,0.0002560163850486431,0.03
1126,0.0002560163850486431,0.03
316,0.0002560163850486431,0.03
2467,0.0002560163850486431,0.03
772,0.0002560163850486431,0.03
2612,0.0002560163850486431,0.03
988,0.0002560163850486431,0.03
3226,0.0002560163850486431,0.03
1169,0.0002560163850486431,0.03
528,0.0002560163850486431,0.03
2756,0.0002560163850486431,0.03
2158,0.0002560163850486431,0.03
291,0.0002560163850486431,0.03
3031,0.0002560163850486431,0.03
1552,0.0002560163850486431,0.03
273,0.0002560163850486431,0.03
3246,0.0002560163850486431,0.03
1443,0.0002560163850486431,0.03
2755,0.0002560163850486431,0.03
294,0.0002560163850486431,0.03
260,0.0002560163850486431,0.03
300,0.0002560163850486431,0.03
1405,0.0002560163850486431,0.03
405,0.0002560163850486431,0.03
249,0.0002560163850486431,0.03
1137,0.0002560163850486431,0.03
1127,0.0002560163850486431,0.03
394,0.0002560163850486431,0.03
247,0.0002560163850486431,0.03
711,0.0002560163850486431,0.03
1239,0.0002560163850486431,0.03
1627,0.0002560163850486431,0.03
2001,0.0002560163850486431,0.03
656,0.0002560163850486431,0.03
2581,0.0002560163850486431,0.03
5974,0.0002560163850486431,0.03
225,0.0002560163850486431,0.03
352,0.0002560163850486431,0.03
680,0.0002560163850486431,0.03
155,0.0002560163850486431,0.03
3168,0.0002560163850486431,0.03
2452,0.0002560163850486431,0.03
4174,0.0002560163850486431,0.03
2173,0.0002560163850486431,0.03
618,0.0002560163850486431,0.03
1531,0.0002560163850486431,0.03
2456,0.0002560163850486431,0.03
3833,0.0002560163850486431,0.03
2074,0.0002560163850486431,0.03
2276,0.0002560163850486431,0.03
5314,0.0002560163850486431,0.03
430,0.0002560163850486431,0.03
2327,0.0002560163850486431,0.03
3222,0.0002560163850486431,0.03
179,0.0002560163850486431,0.03
2371,0.0002560163850486431,0.03
3502,0.0002560163850486431,0.03
340,0.0002560163850486431,0.03
2227,0.0002560163850486431,0.03
2519,0.0002560163850486431,0.03
1549,0.0002560163850486431,0.03
2584,0.0002560163850486431,0.03
6869,0.0002560163850486431,0.03
4057,0.0002560163850486431,0.03
4636,0.0002560163850486431,0.03
6625,0.0002560163850486431,0.03
2047,0.0002560163850486431,0.03
3267,0.0002560163850486431,0.03
5869,0.0002560163850486431,0.03
3862,0.0002560163850486431,0.03
6617,0.0002560163850486431,0.03
3028,0.0002560163850486431,0.03
1477,0.0002560163850486431,0.03
8959,0.0002560163850486431,0.03
1597,0.0002560163850486431,0.03
2196,0.0002560163850486431,0.03
1316,0.0002560163850486431,0.03
1490,0.0002560163850486431,0.03
2290,0.0002560163850486431,0.03
465,0.0002560163850486431,0.03
547,0.0002560163850486431,0.03
4041,0.0002560163850486431,0.03
5135,0.0002560163850486431,0.03
3945,0.0002560163850486431,0.03
2937,0.0002560163850486431,0.03
4632,0.0002560163850486431,0.03
1212,0.0002560163850486431,0.03
1564,0.0002560163850486431,0.03
565,0.0002560163850486431,0.03
170,0.0002560163850486431,0.03
531,0.0002560163850486431,0.03
803,0.0002560163850486431,0.03
4630,0.0002560163850486431,0.03
3412,0.0002560163850486431,0.03
3007,0.0002560163850486431,0.03
1674,0.0002560163850486431,0.03
2806,0.0002560163850486431,0.03
4683,0.0002560163850486431,0.03
322,0.0002560163850486431,0.03
178,0.0002560163850486431,0.03
1560,0.0002560163850486431,0.03
448,0.0002560163850486431,0.03
1513,0.0002560163850486431,0.03
115,0.0002560163850486431,0.03
3552,0.0002560163850486431,0.03
2306,0.0002560163850486431,0.03
2256,0.0002560163850486431,0.03
3780,0.0002560163850486431,0.03
4582,0.0002560163850486431,0.03
432,0.0002560163850486431,0.03
1611,0.0002560163850486431,0.03
2388,0.0002560163850486431,0.03
2746,0.0002560163850486431,0.03
3000,0.0002560163850486431,0.03
379,0.0002560163850486431,0.03
4700,0.0002560163850486431,0.03
1530,0.0002560163850486431,0.03
310,0.0002560163850486431,0.03
237,0.0002560163850486431,0.03
221,0.0002560163850486431,0.03
438,0.0002560163850486431,0.03
5666,0.0002560163850486431,0.03
4709,0.0002560163850486431,0.03
8864,0.0002560163850486431,0.03
1066,0.0002560163850486431,0.03
811,0.0002560163850486431,0.03
1197,0.0002560163850486431,0.03
1271,0.0002560163850486431,0.03
1742,0.0002560163850486431,0.03
2828,0.0002560163850486431,0.03
4138,0.0002560163850486431,0.03
2272,0.0002560163850486431,0.03
883,0.0002560163850486431,0.03
1294,0.0002560163850486431,0.03
5866,0.0002560163850486431,0.03
1301,0.0002560163850486431,0.03
1661,0.0002560163850486431,0.03
1304,0.0002560163850486431,0.03
2086,0.0002560163850486431,0.03
1026,0.0002560163850486431,0.03
2462,0.0002560163850486431,0.03
628,0.0002560163850486431,0.03
1954,0.0002560163850486431,0.03
1470,0.0002560163850486431,0.03
2852,0.0002560163850486431,0.03
1424,0.0002560163850486431,0.03
3111,0.0002560163850486431,0.03
4771,0.0002560163850486431,0.03
7898,0.0002560163850486431,0.03
4379,0.0002560163850486431,0.03
8285,0.0002560163850486431,0.03
1006,0.0002560163850486431,0.03
2709,0.0002560163850486431,0.03
2591,0.0002560163850486431,0.03
3183,0.0002560163850486431,0.03
3632,0.0002560163850486431,0.03
1737,0.0002560163850486431,0.03
2126,0.0002560163850486431,0.03
3109,0.0002560163850486431,0.03
2016,0.0002560163850486431,0.03
2500,0.0002560163850486431,0.03
2532,0.0002560163850486431,0.03
2313,0.0002560163850486431,0.03
7597,0.0002560163850486431,0.03
1256,0.0002560163850486431,0.03
2477,0.0002560163850486431,0.03
3231,0.0002560163850486431,0.03
1796,0.0002560163850486431,0.03
272,0.0002560163850486431,0.03
2040,0.0002560163850486431,0.03
1451,0.0002560163850486431,0.03
1362,0.0002560163850486431,0.03
1989,0.0002560163850486431,0.03
952,0.0002560163850486431,0.03
1154,0.0002560163850486431,0.03
492,0.0002560163850486431,0.03
587,0.0002560163850486431,0.03
550,0.0002560163850486431,0.03
718,0.0002560163850486431,0.03
1080,0.0002560163850486431,0.03
1045,0.0002560163850486431,0.03
1073,0.0002560163850486431,0.03
776,0.0002560163850486431,0.03
1016,0.0002560163850486431,0.03
496,0.0002560163850486431,0.03
359,0.0002560163850486431,0.03
915,0.0002560163850486431,0.03
1114,0.0002560163850486431,0.03
4272,0.0002560163850486431,0.03
2294,0.0002560163850486431,0.03
1662,0.0002560163850486431,0.03
1784,0.0002560163850486431,0.03
2458,0.0002560163850486431,0.03
1238,0.0002560163850486431,0.03
4141,0.0002560163850486431,0.03
1288,0.0002560163850486431,0.03
1854,0.0002560163850486431,0.03
2599,0.0002560163850486431,0.03
2117,0.0002560163850486431,0.03
1385,0.0002560163850486431,0.03
3057,0.0002560163850486431,0.03
2432,0.0002560163850486431,0.03
3951,0.0002560163850486431,0.03
2505,0.0002560163850486431,0.03
1851,0.0002560163850486431,0.03
903,0.0002560163850486431,0.03
5225,0.0002560163850486431,0.03
1441,0.0002560163850486431,0.03
1370,0.0002560163850486431,0.03
1180,0.0002560163850486431,0.03
901,0.0002560163850486431,0.03
301,0.0002560163850486431,0.03
245,0.0002560163850486431,0.03
712,0.0002560163850486431,0.03
625,0.0002560163850486431,0.03
752,0.0002560163850486431,0.03
450,0.0002560163850486431,0.03
502,0.0002560163850486431,0.03
717,0.0002560163850486431,0.03
5273,0.0002560163850486431,0.03
692,0.0002560163850486431,0.03
657,0.0002560163850486431,0.03
944,0.0002560163850486431,0.03
286,0.0002560163850486431,0.03
666,0.0002560163850486431,0.03
1494,0.0002560163850486431,0.03
867,0.0002560163850486431,0.03
938,0.0002560163850486431,0.03
2647,0.0002560163850486431,0.03
2896,0.0002560163850486431,0.03
1237,0.0002560163850486431,0.03
2082,0.0002560163850486431,0.03
1151,0.0002560163850486431,0.03
805,0.0002560163850486431,0.03
5818,0.0002560163850486431,0.03
1580,0.0002560163850486431,0.03
1732,0.0002560163850486431,0.03
1528,0.0002560163850486431,0.03
1486,0.0002560163850486431,0.03
1601,0.0002560163850486431,0.03
1830,0.0002560163850486431,0.03
707,0.0002560163850486431,0.03
2277,0.0002560163850486431,0.03
1100,0.0002560163850486431,0.03
2155,0.0002560163850486431,0.03
1699,0.0002560163850486431,0.03
1654,0.0002560163850486431,0.03
1698,0.0002560163850486431,0.03
2317,0.0002560163850486431,0.03
1646,0.0002560163850486431,0.03
1160,0.0002560163850486431,0.03
1673,0.0002560163850486431,0.03
1845,0.0002560163850486431,0.03
1950,0.0002560163850486431,0.03
3081,0.0002560163850486431,0.03
3067,0.0002560163850486431,0.03
3572,0.0002560163850486431,0.03
4271,0.0002560163850486431,0.03
5101,0.0002560163850486431,0.03
5616,0.0002560163850486431,0.03
5233,0.0002560163850486431,0.03
2150,0.0002560163850486431,0.03
2529,0.0002560163850486431,0.03
5010,0.0002560163850486431,0.03
2063,0.0002560163850486431,0.03
1712,0.0002560163850486431,0.03
1374,0.0002560163850486431,0.03
3831,0.0002560163850486431,0.03
1446,0.0002560163850486431,0.03
2866,0.0002560163850486431,0.03
2336,0.0002560163850486431,0.03
1008,0.0002560163850486431,0.03
1428,0.0002560163850486431,0.03
2536,0.0002560163850486431,0.03
1387,0.0002560163850486431,0.03
719,0.0002560163850486431,0.03
1043,0.0002560163850486431,0.03
1676,0.0002560163850486431,0.03
2007,0.0002560163850486431,0.03
2701,0.0002560163850486431,0.03
2684,0.0002560163850486431,0.03
1913,0.0002560163850486431,0.03
1993,0.0002560163850486431,0.03
2574,0.0002560163850486431,0.03
2446,0.0002560163850486431,0.03
978,0.0002560163850486431,0.03
5404,0.0002560163850486431,0.03
3436,0.0002560163850486431,0.03
983,0.0002560163850486431,0.03
1005,0.0002560163850486431,0.03
1393,0.0002560163850486431,0.03
974,0.0002560163850486431,0.03
440,0.0002560163850486431,0.03
888,0.0002560163850486431,0.03
1681,0.0002560163850486431,0.03
3304,0.0002560163850486431,0.03
3286,0.0002560163850486431,0.03
2391,0.0002560163850486431,0.03
1779,0.0002560163850486431,0.03
6909,0.0002560163850486431,0.03
5209,0.0002560163850486431,0.03
1707,0.0002560163850486431,0.03
2842,0.0002560163850486431,0.03
1846,0.0002560163850486431,0.03
1478,0.0002560163850486431,0.03
2854,0.0002560163850486431,0.03
2970,0.0002560163850486431,0.03
2119,0.0002560163850486431,0.03
1790,0.0002560163850486431,0.03
2009,0.0002560163850486431,0.03
1756,0.0002560163850486431,0.03
2642,0.0002560163850486431,0.03
2640,0.0002560163850486431,0.03
1811,0.0002560163850486431,0.03
10160,0.0002560163850486431,0.03
4854,0.0002560163850486431,0.03
4189,0.0002560163850486431,0.03
9279,0.0002560163850486431,0.03
1717,0.0002560163850486431,0.03
7681,0.0002560163850486431,0.03
3144,0.0002560163850486431,0.03
3470,0.0002560163850486431,0.03
8233,0.0002560163850486431,0.03
1094,0.0002560163850486431,0.03
8724,0.0002560163850486431,0.03
6503,0.0002560163850486431,0.03
3443,0.0002560163850486431,0.03
3108,0.0002560163850486431,0.03
6381,0.0002560163850486431,0.03
2895,0.0002560163850486431,0.03
2677,0.0002560163850486431,0.03
3120,0.0002560163850486431,0.03
2120,0.0002560163850486431,0.03
2892,0.0002560163850486431,0.03
722,0.0002560163850486431,0.03
1465,0.0002560163850486431,0.03
2872,0.0002560163850486431,0.03
813,0.0002560163850486431,0.03
1176,0.0002560163850486431,0.03
4248,0.0002560163850486431,0.03
4188,0.0002560163850486431,0.03
331,0.0002560163850486431,0.03
7845,0.0002560163850486431,0.03
3229,0.0002560163850486431,0.03
2697,0.0002560163850486431,0.03
1767,0.0002560163850486431,0.03
1891,0.0002560163850486431,0.03
3942,0.0002560163850486431,0.03
2517,0.0002560163850486431,0.03
817,0.0002560163850486431,0.03
3979,0.0002560163850486431,0.03
812,0.0002560163850486431,0.03
2914,0.0002560163850486431,0.03
1566,0.0002560163850486431,0.03
1958,0.0002560163850486431,0.03
934,0.0002560163850486431,0.03
2132,0.0002560163850486431,0.03
2680,0.0002560163850486431,0.03
661,0.0002560163850486431,0.03
2489,0.0002560163850486431,0.03
3477,0.0002560163850486431,0.03
3107,0.0002560163850486431,0.03
380,0.0002560163850486431,0.03
2179,0.0002560163850486431,0.03
5473,0.0002560163850486431,0.03
2747,0.0002560163850486431,0.03
2963,0.0002560163850486431,0.03
5576,0.0002560163850486431,0.03
3875,0.0002560163850486431,0.03
986,0.0002560163850486431,0.03
2305,0.0002560163850486431,0.03
3696,0.0002560163850486431,0.03
530,0.0002560163850486431,0.03
671,0.0002560163850486431,0.03
631,0.0002560163850486431,0.03
571,0.0002560163850486431,0.03
6721,0.0002560163850486431,0.03
2072,0.0002560163850486431,0.03
5821,0.0002560163850486431,0.03
1908,0.0002560163850486431,0.03
1445,0.0002560163850486431,0.03
1491,0.0002560163850486431,0.03
1576,0.0002560163850486431,0.03
1837,0.0002560163850486431,0.03
1688,0.0002560163850486431,0.03
1749,0.0002560163850486431,0.03
1906,0.0002560163850486431,0.03
1721,0.0002560163850486431,0.03
1705,0.0002560163850486431,0.03
1997,0.0002560163850486431,0.03
1413,0.0002560163850486431,0.03
2399,0.0002560163850486431,0.03
1504,0.0002560163850486431,0.03
844,0.0002560163850486431,0.03
1299,0.0002560163850486431,0.03
1218,0.0002560163850486431,0.03
673,0.0002560163850486431,0.03
1129,0.0002560163850486431,0.03
2168,0.0002560163850486431,0.03
795,0.0002560163850486431,0.03
646,0.0002560163850486431,0.03
1338,0.0002560163850486431,0.03
1711,0.0002560163850486431,0.03
1311,0.0002560163850486431,0.03
1230,0.0002560163850486431,0.03
1168,0.0002560163850486431,0.03
870,0.0002560163850486431,0.03
670,0.0002560163850486431,0.03
1081,0.0002560163850486431,0.03
662,0.0002560163850486431,0.03
503,0.0002560163850486431,0.03
750,0.0002560163850486431,0.03
443,0.0002560163850486431,0.03
900,0.0002560163850486431,0.03
586,0.0002560163850486431,0.03
796,0.0002560163850486431,0.03
463,0.0002560163850486431,0.03
598,0.0002560163850486431,0.03
1330,0.0002560163850486431,0.03
1136,0.0002560163850486431,0.03
2345,0.0002560163850486431,0.03
1971,0.0002560163850486431,0.03
1876,0.0002560163850486431,0.03
970,0.0002560163850486431,0.03
2190,0.0002560163850486431,0.03
2724,0.0002560163850486431,0.03
1986,0.0002560163850486431,0.03
2307,0.0002560163850486431,0.03
1327,0.0002560163850486431,0.03
1556,0.0002560163850486431,0.03
2280,0.0002560163850486431,0.03
3242,0.0002560163850486431,0.03
2315,0.0002560163850486431,0.03
2247,0.0002560163850486431,0.03
2476,0.0002560163850486431,0.03
2751,0.0002560163850486431,0.03
2558,0.0002560163850486431,0.03
1164,0.0002560163850486431,0.03
1833,0.0002560163850486431,0.03
2103,0.0002560163850486431,0.03
2067,0.0002560163850486431,0.03
599,0.0002560163850486431,0.03
2784,0.0002560163850486431,0.03
745,0.0002560163850486431,0.03
467,0.0002560163850486431,0.03
757,0.0002560163850486431,0.03
1117,0.0002560163850486431,0.03
1077,0.0002560163850486431,0.03
1079,0.0002560163850486431,0.03
507,0.0002560163850486431,0.03
627,0.0002560163850486431,0.03
809,0.0002560163850486431,0.03
742,0.0002560163850486431,0.03
1170,0.0002560163850486431,0.03
973,0.0002560163850486431,0.03
731,0.0002560163850486431,0.03
770,0.0002560163850486431,0.03
640,0.0002560163850486431,0.03
562,0.0002560163850486431,0.03
2271,0.0002560163850486431,0.03
1708,0.0002560163850486431,0.03
