lista_nominal,frecuencia,frecuencia_%
1249,0.002048131080389145,0.2
875,0.002048131080389145,0.2
1347,0.002048131080389145,0.2
349,0.0017921146953405018,0.18
1399,0.0017921146953405018,0.18
937,0.0017921146953405018,0.18
1312,0.0017921146953405018,0.18
1177,0.0017921146953405018,0.18
1361,0.0015360983102918587,0.15
797,0.0015360983102918587,0.15
720,0.0015360983102918587,0.15
1113,0.0015360983102918587,0.15
910,0.0015360983102918587,0.15
1509,0.0015360983102918587,0.15
940,0.0015360983102918587,0.15
1115,0.0015360983102918587,0.15
1459,0.0015360983102918587,0.15
1389,0.0015360983102918587,0.15
1265,0.0015360983102918587,0.15
1187,0.0015360983102918587,0.15
1164,0.0015360983102918587,0.15
1523,0.0015360983102918587,0.15
1369,0.0015360983102918587,0.15
1052,0.0015360983102918587,0.15
902,0.0015360983102918587,0.15
1217,0.0015360983102918587,0.15
858,0.0012800819252432156,0.13
1030,0.0012800819252432156,0.13
1093,0.0012800819252432156,0.13
911,0.0012800819252432156,0.13
788,0.0012800819252432156,0.13
1207,0.0012800819252432156,0.13
1594,0.0012800819252432156,0.13
1196,0.0012800819252432156,0.13
1862,0.0012800819252432156,0.13
1976,0.0012800819252432156,0.13
1215,0.0012800819252432156,0.13
986,0.0012800819252432156,0.13
1000,0.0012800819252432156,0.13
842,0.0012800819252432156,0.13
959,0.0012800819252432156,0.13
1343,0.0012800819252432156,0.13
1079,0.0012800819252432156,0.13
2416,0.0012800819252432156,0.13
1210,0.0012800819252432156,0.13
1063,0.0012800819252432156,0.13
1034,0.0012800819252432156,0.13
1258,0.0012800819252432156,0.13
1031,0.0012800819252432156,0.13
685,0.0012800819252432156,0.13
997,0.0012800819252432156,0.13
1015,0.0012800819252432156,0.13
1122,0.0012800819252432156,0.13
1057,0.0012800819252432156,0.13
919,0.0012800819252432156,0.13
682,0.0012800819252432156,0.13
935,0.0012800819252432156,0.13
1325,0.0012800819252432156,0.13
1049,0.0012800819252432156,0.13
1005,0.0012800819252432156,0.13
843,0.0010240655401945725,0.1
976,0.0010240655401945725,0.1
1240,0.0010240655401945725,0.1
1498,0.0010240655401945725,0.1
740,0.0010240655401945725,0.1
1601,0.0010240655401945725,0.1
949,0.0010240655401945725,0.1
461,0.0010240655401945725,0.1
1170,0.0010240655401945725,0.1
1209,0.0010240655401945725,0.1
3741,0.0010240655401945725,0.1
1244,0.0010240655401945725,0.1
904,0.0010240655401945725,0.1
1220,0.0010240655401945725,0.1
2236,0.0010240655401945725,0.1
979,0.0010240655401945725,0.1
942,0.0010240655401945725,0.1
1367,0.0010240655401945725,0.1
936,0.0010240655401945725,0.1
1520,0.0010240655401945725,0.1
790,0.0010240655401945725,0.1
1396,0.0010240655401945725,0.1
1322,0.0010240655401945725,0.1
1140,0.0010240655401945725,0.1
1264,0.0010240655401945725,0.1
1453,0.0010240655401945725,0.1
897,0.0010240655401945725,0.1
1126,0.0010240655401945725,0.1
1782,0.0010240655401945725,0.1
1334,0.0010240655401945725,0.1
1025,0.0010240655401945725,0.1
1076,0.0010240655401945725,0.1
1223,0.0010240655401945725,0.1
950,0.0010240655401945725,0.1
1956,0.0010240655401945725,0.1
827,0.0010240655401945725,0.1
1733,0.0010240655401945725,0.1
1436,0.0010240655401945725,0.1
1427,0.0010240655401945725,0.1
1929,0.0010240655401945725,0.1
782,0.0010240655401945725,0.1
717,0.0010240655401945725,0.1
1564,0.0010240655401945725,0.1
840,0.0010240655401945725,0.1
1317,0.0010240655401945725,0.1
899,0.0010240655401945725,0.1
2062,0.0010240655401945725,0.1
1958,0.0010240655401945725,0.1
1553,0.0010240655401945725,0.1
1683,0.0010240655401945725,0.1
1214,0.0010240655401945725,0.1
1028,0.0010240655401945725,0.1
1902,0.0010240655401945725,0.1
1281,0.0010240655401945725,0.1
1349,0.0010240655401945725,0.1
1443,0.0010240655401945725,0.1
1135,0.0010240655401945725,0.1
598,0.0010240655401945725,0.1
1943,0.0010240655401945725,0.1
2083,0.0010240655401945725,0.1
1062,0.0010240655401945725,0.1
1171,0.0010240655401945725,0.1
1473,0.0010240655401945725,0.1
867,0.0010240655401945725,0.1
891,0.0010240655401945725,0.1
1096,0.0010240655401945725,0.1
972,0.0010240655401945725,0.1
1607,0.0010240655401945725,0.1
1510,0.0010240655401945725,0.1
1481,0.0010240655401945725,0.1
1099,0.0010240655401945725,0.1
982,0.0010240655401945725,0.1
1114,0.0010240655401945725,0.1
1179,0.0010240655401945725,0.1
856,0.0010240655401945725,0.1
1128,0.0010240655401945725,0.1
1338,0.0010240655401945725,0.1
1739,0.0010240655401945725,0.1
1634,0.0010240655401945725,0.1
1263,0.0010240655401945725,0.1
820,0.0010240655401945725,0.1
1818,0.0010240655401945725,0.1
1080,0.0010240655401945725,0.1
1306,0.0010240655401945725,0.1
1534,0.0010240655401945725,0.1
1043,0.0010240655401945725,0.1
530,0.0010240655401945725,0.1
605,0.0010240655401945725,0.1
1364,0.0010240655401945725,0.1
1875,0.0010240655401945725,0.1
535,0.0010240655401945725,0.1
1326,0.0010240655401945725,0.1
1145,0.0010240655401945725,0.1
2084,0.0010240655401945725,0.1
738,0.0010240655401945725,0.1
2142,0.0010240655401945725,0.1
845,0.0010240655401945725,0.1
1237,0.0010240655401945725,0.1
955,0.0010240655401945725,0.1
2143,0.0010240655401945725,0.1
762,0.0010240655401945725,0.1
860,0.0010240655401945725,0.1
1804,0.0010240655401945725,0.1
824,0.0010240655401945725,0.1
652,0.0010240655401945725,0.1
1077,0.0010240655401945725,0.1
1060,0.0010240655401945725,0.1
1010,0.0010240655401945725,0.1
816,0.0010240655401945725,0.1
841,0.0010240655401945725,0.1
1579,0.0010240655401945725,0.1
697,0.0007680491551459293,0.08
1421,0.0007680491551459293,0.08
796,0.0007680491551459293,0.08
952,0.0007680491551459293,0.08
1228,0.0007680491551459293,0.08
1138,0.0007680491551459293,0.08
551,0.0007680491551459293,0.08
2021,0.0007680491551459293,0.08
439,0.0007680491551459293,0.08
710,0.0007680491551459293,0.08
1714,0.0007680491551459293,0.08
1557,0.0007680491551459293,0.08
1092,0.0007680491551459293,0.08
2452,0.0007680491551459293,0.08
1932,0.0007680491551459293,0.08
770,0.0007680491551459293,0.08
1936,0.0007680491551459293,0.08
237,0.0007680491551459293,0.08
1069,0.0007680491551459293,0.08
2358,0.0007680491551459293,0.08
240,0.0007680491551459293,0.08
844,0.0007680491551459293,0.08
1531,0.0007680491551459293,0.08
346,0.0007680491551459293,0.08
1878,0.0007680491551459293,0.08
2287,0.0007680491551459293,0.08
744,0.0007680491551459293,0.08
953,0.0007680491551459293,0.08
1054,0.0007680491551459293,0.08
916,0.0007680491551459293,0.08
759,0.0007680491551459293,0.08
1153,0.0007680491551459293,0.08
977,0.0007680491551459293,0.08
1270,0.0007680491551459293,0.08
2717,0.0007680491551459293,0.08
1332,0.0007680491551459293,0.08
1105,0.0007680491551459293,0.08
783,0.0007680491551459293,0.08
825,0.0007680491551459293,0.08
2389,0.0007680491551459293,0.08
1178,0.0007680491551459293,0.08
1300,0.0007680491551459293,0.08
1362,0.0007680491551459293,0.08
1568,0.0007680491551459293,0.08
558,0.0007680491551459293,0.08
847,0.0007680491551459293,0.08
852,0.0007680491551459293,0.08
1004,0.0007680491551459293,0.08
1320,0.0007680491551459293,0.08
1084,0.0007680491551459293,0.08
610,0.0007680491551459293,0.08
624,0.0007680491551459293,0.08
674,0.0007680491551459293,0.08
1163,0.0007680491551459293,0.08
1267,0.0007680491551459293,0.08
1855,0.0007680491551459293,0.08
1346,0.0007680491551459293,0.08
1428,0.0007680491551459293,0.08
1363,0.0007680491551459293,0.08
1772,0.0007680491551459293,0.08
1488,0.0007680491551459293,0.08
1439,0.0007680491551459293,0.08
1432,0.0007680491551459293,0.08
2097,0.0007680491551459293,0.08
1677,0.0007680491551459293,0.08
2010,0.0007680491551459293,0.08
1675,0.0007680491551459293,0.08
1771,0.0007680491551459293,0.08
466,0.0007680491551459293,0.08
1239,0.0007680491551459293,0.08
2050,0.0007680491551459293,0.08
546,0.0007680491551459293,0.08
2886,0.0007680491551459293,0.08
2572,0.0007680491551459293,0.08
1142,0.0007680491551459293,0.08
1406,0.0007680491551459293,0.08
303,0.0007680491551459293,0.08
707,0.0007680491551459293,0.08
1058,0.0007680491551459293,0.08
1165,0.0007680491551459293,0.08
322,0.0007680491551459293,0.08
2239,0.0007680491551459293,0.08
1697,0.0007680491551459293,0.08
718,0.0007680491551459293,0.08
807,0.0007680491551459293,0.08
1316,0.0007680491551459293,0.08
1020,0.0007680491551459293,0.08
1272,0.0007680491551459293,0.08
724,0.0007680491551459293,0.08
1295,0.0007680491551459293,0.08
571,0.0007680491551459293,0.08
1835,0.0007680491551459293,0.08
540,0.0007680491551459293,0.08
826,0.0007680491551459293,0.08
1539,0.0007680491551459293,0.08
988,0.0007680491551459293,0.08
832,0.0007680491551459293,0.08
2877,0.0007680491551459293,0.08
1413,0.0007680491551459293,0.08
2984,0.0007680491551459293,0.08
666,0.0007680491551459293,0.08
380,0.0007680491551459293,0.08
946,0.0007680491551459293,0.08
2015,0.0007680491551459293,0.08
704,0.0007680491551459293,0.08
1273,0.0007680491551459293,0.08
892,0.0007680491551459293,0.08
594,0.0007680491551459293,0.08
569,0.0007680491551459293,0.08
814,0.0007680491551459293,0.08
2041,0.0007680491551459293,0.08
1236,0.0007680491551459293,0.08
1183,0.0007680491551459293,0.08
1085,0.0007680491551459293,0.08
878,0.0007680491551459293,0.08
1200,0.0007680491551459293,0.08
645,0.0007680491551459293,0.08
1087,0.0007680491551459293,0.08
1444,0.0007680491551459293,0.08
1833,0.0007680491551459293,0.08
1290,0.0007680491551459293,0.08
1246,0.0007680491551459293,0.08
2404,0.0007680491551459293,0.08
1574,0.0007680491551459293,0.08
1314,0.0007680491551459293,0.08
1471,0.0007680491551459293,0.08
2357,0.0007680491551459293,0.08
945,0.0007680491551459293,0.08
1763,0.0007680491551459293,0.08
2111,0.0007680491551459293,0.08
1775,0.0007680491551459293,0.08
575,0.0007680491551459293,0.08
3557,0.0007680491551459293,0.08
1787,0.0007680491551459293,0.08
1562,0.0007680491551459293,0.08
1213,0.0007680491551459293,0.08
1380,0.0007680491551459293,0.08
1001,0.0007680491551459293,0.08
1298,0.0007680491551459293,0.08
1229,0.0007680491551459293,0.08
1212,0.0007680491551459293,0.08
2221,0.0007680491551459293,0.08
1587,0.0007680491551459293,0.08
963,0.0007680491551459293,0.08
939,0.0007680491551459293,0.08
757,0.0007680491551459293,0.08
1310,0.0007680491551459293,0.08
1193,0.0007680491551459293,0.08
1613,0.0007680491551459293,0.08
1242,0.0007680491551459293,0.08
579,0.0007680491551459293,0.08
2588,0.0007680491551459293,0.08
1102,0.0007680491551459293,0.08
2227,0.0007680491551459293,0.08
1286,0.0007680491551459293,0.08
1070,0.0007680491551459293,0.08
978,0.0007680491551459293,0.08
2014,0.0007680491551459293,0.08
1905,0.0007680491551459293,0.08
1417,0.0007680491551459293,0.08
999,0.0007680491551459293,0.08
224,0.0007680491551459293,0.08
1121,0.0007680491551459293,0.08
1181,0.0007680491551459293,0.08
2253,0.0007680491551459293,0.08
556,0.0007680491551459293,0.08
930,0.0007680491551459293,0.08
1674,0.0007680491551459293,0.08
1608,0.0007680491551459293,0.08
1041,0.0007680491551459293,0.08
753,0.0007680491551459293,0.08
819,0.0007680491551459293,0.08
1241,0.0007680491551459293,0.08
1155,0.0007680491551459293,0.08
746,0.0007680491551459293,0.08
1235,0.0007680491551459293,0.08
539,0.0007680491551459293,0.08
681,0.0007680491551459293,0.08
495,0.0007680491551459293,0.08
853,0.0007680491551459293,0.08
1468,0.0007680491551459293,0.08
765,0.0007680491551459293,0.08
934,0.0007680491551459293,0.08
873,0.0007680491551459293,0.08
2072,0.0007680491551459293,0.08
1940,0.0007680491551459293,0.08
772,0.0007680491551459293,0.08
492,0.0007680491551459293,0.08
470,0.0007680491551459293,0.08
1261,0.0007680491551459293,0.08
1472,0.0007680491551459293,0.08
1446,0.0007680491551459293,0.08
1350,0.0007680491551459293,0.08
1873,0.0007680491551459293,0.08
699,0.0007680491551459293,0.08
1131,0.0007680491551459293,0.08
756,0.0007680491551459293,0.08
1527,0.0007680491551459293,0.08
1886,0.0007680491551459293,0.08
730,0.0007680491551459293,0.08
1740,0.0007680491551459293,0.08
1631,0.0007680491551459293,0.08
1147,0.0007680491551459293,0.08
866,0.0007680491551459293,0.08
1144,0.0007680491551459293,0.08
1111,0.0007680491551459293,0.08
854,0.0007680491551459293,0.08
890,0.0007680491551459293,0.08
779,0.0007680491551459293,0.08
1445,0.0007680491551459293,0.08
285,0.0007680491551459293,0.08
775,0.0007680491551459293,0.08
1053,0.0007680491551459293,0.08
1161,0.0007680491551459293,0.08
933,0.0007680491551459293,0.08
689,0.0007680491551459293,0.08
1266,0.0007680491551459293,0.08
1593,0.0007680491551459293,0.08
2029,0.0007680491551459293,0.08
991,0.0007680491551459293,0.08
2583,0.0007680491551459293,0.08
331,0.0007680491551459293,0.08
1082,0.0007680491551459293,0.08
2515,0.0007680491551459293,0.08
3210,0.0007680491551459293,0.08
905,0.0007680491551459293,0.08
931,0.0007680491551459293,0.08
310,0.0007680491551459293,0.08
1946,0.0007680491551459293,0.08
1118,0.0007680491551459293,0.08
1910,0.0007680491551459293,0.08
914,0.0007680491551459293,0.08
1276,0.0007680491551459293,0.08
2047,0.0007680491551459293,0.08
1647,0.0007680491551459293,0.08
366,0.0007680491551459293,0.08
985,0.0007680491551459293,0.08
831,0.0007680491551459293,0.08
1820,0.0007680491551459293,0.08
967,0.0007680491551459293,0.08
277,0.0007680491551459293,0.08
2203,0.0007680491551459293,0.08
1401,0.0007680491551459293,0.08
1012,0.0007680491551459293,0.08
1345,0.0007680491551459293,0.08
1877,0.0007680491551459293,0.08
705,0.0007680491551459293,0.08
1038,0.0007680491551459293,0.08
1146,0.0007680491551459293,0.08
906,0.0007680491551459293,0.08
1580,0.0007680491551459293,0.08
1609,0.0007680491551459293,0.08
1027,0.0007680491551459293,0.08
821,0.0007680491551459293,0.08
929,0.0007680491551459293,0.08
1224,0.0007680491551459293,0.08
800,0.0007680491551459293,0.08
338,0.0007680491551459293,0.08
501,0.0007680491551459293,0.08
1996,0.0007680491551459293,0.08
1583,0.0007680491551459293,0.08
1567,0.0007680491551459293,0.08
1788,0.0007680491551459293,0.08
1294,0.0007680491551459293,0.08
2081,0.0007680491551459293,0.08
975,0.0007680491551459293,0.08
1074,0.0005120327700972862,0.05
3245,0.0005120327700972862,0.05
1641,0.0005120327700972862,0.05
1495,0.0005120327700972862,0.05
1288,0.0005120327700972862,0.05
1307,0.0005120327700972862,0.05
2651,0.0005120327700972862,0.05
2342,0.0005120327700972862,0.05
2743,0.0005120327700972862,0.05
1335,0.0005120327700972862,0.05
1331,0.0005120327700972862,0.05
747,0.0005120327700972862,0.05
2202,0.0005120327700972862,0.05
694,0.0005120327700972862,0.05
2460,0.0005120327700972862,0.05
2099,0.0005120327700972862,0.05
1252,0.0005120327700972862,0.05
907,0.0005120327700972862,0.05
2930,0.0005120327700972862,0.05
1226,0.0005120327700972862,0.05
1542,0.0005120327700972862,0.05
1780,0.0005120327700972862,0.05
917,0.0005120327700972862,0.05
1853,0.0005120327700972862,0.05
809,0.0005120327700972862,0.05
1197,0.0005120327700972862,0.05
494,0.0005120327700972862,0.05
2746,0.0005120327700972862,0.05
3395,0.0005120327700972862,0.05
1676,0.0005120327700972862,0.05
1108,0.0005120327700972862,0.05
667,0.0005120327700972862,0.05
2037,0.0005120327700972862,0.05
1860,0.0005120327700972862,0.05
2217,0.0005120327700972862,0.05
1927,0.0005120327700972862,0.05
1744,0.0005120327700972862,0.05
2557,0.0005120327700972862,0.05
1541,0.0005120327700972862,0.05
957,0.0005120327700972862,0.05
928,0.0005120327700972862,0.05
198,0.0005120327700972862,0.05
2434,0.0005120327700972862,0.05
1158,0.0005120327700972862,0.05
1418,0.0005120327700972862,0.05
1817,0.0005120327700972862,0.05
712,0.0005120327700972862,0.05
792,0.0005120327700972862,0.05
923,0.0005120327700972862,0.05
1903,0.0005120327700972862,0.05
966,0.0005120327700972862,0.05
3273,0.0005120327700972862,0.05
3185,0.0005120327700972862,0.05
1971,0.0005120327700972862,0.05
451,0.0005120327700972862,0.05
1029,0.0005120327700972862,0.05
670,0.0005120327700972862,0.05
581,0.0005120327700972862,0.05
2156,0.0005120327700972862,0.05
2206,0.0005120327700972862,0.05
1456,0.0005120327700972862,0.05
1292,0.0005120327700972862,0.05
671,0.0005120327700972862,0.05
1201,0.0005120327700972862,0.05
703,0.0005120327700972862,0.05
754,0.0005120327700972862,0.05
884,0.0005120327700972862,0.05
1748,0.0005120327700972862,0.05
628,0.0005120327700972862,0.05
180,0.0005120327700972862,0.05
1528,0.0005120327700972862,0.05
2813,0.0005120327700972862,0.05
233,0.0005120327700972862,0.05
2162,0.0005120327700972862,0.05
2031,0.0005120327700972862,0.05
1484,0.0005120327700972862,0.05
2949,0.0005120327700972862,0.05
1133,0.0005120327700972862,0.05
1136,0.0005120327700972862,0.05
1868,0.0005120327700972862,0.05
2067,0.0005120327700972862,0.05
1808,0.0005120327700972862,0.05
1625,0.0005120327700972862,0.05
2172,0.0005120327700972862,0.05
1006,0.0005120327700972862,0.05
1047,0.0005120327700972862,0.05
944,0.0005120327700972862,0.05
1632,0.0005120327700972862,0.05
1537,0.0005120327700972862,0.05
508,0.0005120327700972862,0.05
1477,0.0005120327700972862,0.05
2214,0.0005120327700972862,0.05
1506,0.0005120327700972862,0.05
3089,0.0005120327700972862,0.05
1192,0.0005120327700972862,0.05
926,0.0005120327700972862,0.05
1452,0.0005120327700972862,0.05
1055,0.0005120327700972862,0.05
1046,0.0005120327700972862,0.05
1618,0.0005120327700972862,0.05
1882,0.0005120327700972862,0.05
2013,0.0005120327700972862,0.05
1841,0.0005120327700972862,0.05
1482,0.0005120327700972862,0.05
2245,0.0005120327700972862,0.05
1162,0.0005120327700972862,0.05
1533,0.0005120327700972862,0.05
1351,0.0005120327700972862,0.05
1635,0.0005120327700972862,0.05
1638,0.0005120327700972862,0.05
1779,0.0005120327700972862,0.05
1409,0.0005120327700972862,0.05
1831,0.0005120327700972862,0.05
1378,0.0005120327700972862,0.05
4268,0.0005120327700972862,0.05
2192,0.0005120327700972862,0.05
2090,0.0005120327700972862,0.05
2145,0.0005120327700972862,0.05
956,0.0005120327700972862,0.05
1285,0.0005120327700972862,0.05
922,0.0005120327700972862,0.05
2520,0.0005120327700972862,0.05
1894,0.0005120327700972862,0.05
1685,0.0005120327700972862,0.05
1606,0.0005120327700972862,0.05
3088,0.0005120327700972862,0.05
1590,0.0005120327700972862,0.05
1617,0.0005120327700972862,0.05
5780,0.0005120327700972862,0.05
1469,0.0005120327700972862,0.05
1723,0.0005120327700972862,0.05
1098,0.0005120327700972862,0.05
1083,0.0005120327700972862,0.05
1107,0.0005120327700972862,0.05
1669,0.0005120327700972862,0.05
683,0.0005120327700972862,0.05
660,0.0005120327700972862,0.05
1033,0.0005120327700972862,0.05
599,0.0005120327700972862,0.05
777,0.0005120327700972862,0.05
1231,0.0005120327700972862,0.05
2263,0.0005120327700972862,0.05
1149,0.0005120327700972862,0.05
1515,0.0005120327700972862,0.05
993,0.0005120327700972862,0.05
621,0.0005120327700972862,0.05
1681,0.0005120327700972862,0.05
1770,0.0005120327700972862,0.05
617,0.0005120327700972862,0.05
1619,0.0005120327700972862,0.05
1375,0.0005120327700972862,0.05
828,0.0005120327700972862,0.05
1559,0.0005120327700972862,0.05
2914,0.0005120327700972862,0.05
1826,0.0005120327700972862,0.05
1143,0.0005120327700972862,0.05
2840,0.0005120327700972862,0.05
2019,0.0005120327700972862,0.05
1232,0.0005120327700972862,0.05
1547,0.0005120327700972862,0.05
2046,0.0005120327700972862,0.05
1321,0.0005120327700972862,0.05
2250,0.0005120327700972862,0.05
1388,0.0005120327700972862,0.05
1901,0.0005120327700972862,0.05
1032,0.0005120327700972862,0.05
869,0.0005120327700972862,0.05
1519,0.0005120327700972862,0.05
1423,0.0005120327700972862,0.05
1297,0.0005120327700972862,0.05
1044,0.0005120327700972862,0.05
2277,0.0005120327700972862,0.05
1203,0.0005120327700972862,0.05
1222,0.0005120327700972862,0.05
1182,0.0005120327700972862,0.05
1318,0.0005120327700972862,0.05
920,0.0005120327700972862,0.05
2271,0.0005120327700972862,0.05
737,0.0005120327700972862,0.05
994,0.0005120327700972862,0.05
488,0.0005120327700972862,0.05
651,0.0005120327700972862,0.05
570,0.0005120327700972862,0.05
633,0.0005120327700972862,0.05
1008,0.0005120327700972862,0.05
767,0.0005120327700972862,0.05
449,0.0005120327700972862,0.05
726,0.0005120327700972862,0.05
734,0.0005120327700972862,0.05
1437,0.0005120327700972862,0.05
1141,0.0005120327700972862,0.05
623,0.0005120327700972862,0.05
1072,0.0005120327700972862,0.05
769,0.0005120327700972862,0.05
686,0.0005120327700972862,0.05
356,0.0005120327700972862,0.05
868,0.0005120327700972862,0.05
1103,0.0005120327700972862,0.05
2654,0.0005120327700972862,0.05
849,0.0005120327700972862,0.05
1169,0.0005120327700972862,0.05
1955,0.0005120327700972862,0.05
1972,0.0005120327700972862,0.05
1319,0.0005120327700972862,0.05
1407,0.0005120327700972862,0.05
602,0.0005120327700972862,0.05
1655,0.0005120327700972862,0.05
1430,0.0005120327700972862,0.05
2370,0.0005120327700972862,0.05
1555,0.0005120327700972862,0.05
2665,0.0005120327700972862,0.05
112,0.0005120327700972862,0.05
3416,0.0005120327700972862,0.05
2660,0.0005120327700972862,0.05
2851,0.0005120327700972862,0.05
1137,0.0005120327700972862,0.05
918,0.0005120327700972862,0.05
1089,0.0005120327700972862,0.05
1154,0.0005120327700972862,0.05
1707,0.0005120327700972862,0.05
321,0.0005120327700972862,0.05
2314,0.0005120327700972862,0.05
2233,0.0005120327700972862,0.05
2696,0.0005120327700972862,0.05
1867,0.0005120327700972862,0.05
1278,0.0005120327700972862,0.05
1354,0.0005120327700972862,0.05
1127,0.0005120327700972862,0.05
1289,0.0005120327700972862,0.05
478,0.0005120327700972862,0.05
1758,0.0005120327700972862,0.05
559,0.0005120327700972862,0.05
631,0.0005120327700972862,0.05
2623,0.0005120327700972862,0.05
2638,0.0005120327700972862,0.05
1067,0.0005120327700972862,0.05
1061,0.0005120327700972862,0.05
864,0.0005120327700972862,0.05
708,0.0005120327700972862,0.05
733,0.0005120327700972862,0.05
1411,0.0005120327700972862,0.05
1035,0.0005120327700972862,0.05
1379,0.0005120327700972862,0.05
1073,0.0005120327700972862,0.05
1134,0.0005120327700972862,0.05
1324,0.0005120327700972862,0.05
879,0.0005120327700972862,0.05
1040,0.0005120327700972862,0.05
1279,0.0005120327700972862,0.05
996,0.0005120327700972862,0.05
1094,0.0005120327700972862,0.05
1381,0.0005120327700972862,0.05
1985,0.0005120327700972862,0.05
1068,0.0005120327700972862,0.05
1890,0.0005120327700972862,0.05
1424,0.0005120327700972862,0.05
1037,0.0005120327700972862,0.05
1202,0.0005120327700972862,0.05
1373,0.0005120327700972862,0.05
2377,0.0005120327700972862,0.05
927,0.0005120327700972862,0.05
1342,0.0005120327700972862,0.05
1921,0.0005120327700972862,0.05
1097,0.0005120327700972862,0.05
1340,0.0005120327700972862,0.05
1188,0.0005120327700972862,0.05
1581,0.0005120327700972862,0.05
3757,0.0005120327700972862,0.05
822,0.0005120327700972862,0.05
992,0.0005120327700972862,0.05
799,0.0005120327700972862,0.05
1511,0.0005120327700972862,0.05
1889,0.0005120327700972862,0.05
1671,0.0005120327700972862,0.05
1011,0.0005120327700972862,0.05
1814,0.0005120327700972862,0.05
1885,0.0005120327700972862,0.05
3259,0.0005120327700972862,0.05
2501,0.0005120327700972862,0.05
1112,0.0005120327700972862,0.05
1505,0.0005120327700972862,0.05
2257,0.0005120327700972862,0.05
1806,0.0005120327700972862,0.05
148,0.0005120327700972862,0.05
597,0.0005120327700972862,0.05
603,0.0005120327700972862,0.05
2086,0.0005120327700972862,0.05
1492,0.0005120327700972862,0.05
1283,0.0005120327700972862,0.05
870,0.0005120327700972862,0.05
4601,0.0005120327700972862,0.05
1693,0.0005120327700972862,0.05
590,0.0005120327700972862,0.05
490,0.0005120327700972862,0.05
2069,0.0005120327700972862,0.05
2107,0.0005120327700972862,0.05
2028,0.0005120327700972862,0.05
1825,0.0005120327700972862,0.05
1526,0.0005120327700972862,0.05
2835,0.0005120327700972862,0.05
1218,0.0005120327700972862,0.05
1269,0.0005120327700972862,0.05
1157,0.0005120327700972862,0.05
1190,0.0005120327700972862,0.05
1790,0.0005120327700972862,0.05
1504,0.0005120327700972862,0.05
2991,0.0005120327700972862,0.05
2022,0.0005120327700972862,0.05
1830,0.0005120327700972862,0.05
741,0.0005120327700972862,0.05
2876,0.0005120327700972862,0.05
700,0.0005120327700972862,0.05
582,0.0005120327700972862,0.05
2098,0.0005120327700972862,0.05
669,0.0005120327700972862,0.05
1792,0.0005120327700972862,0.05
239,0.0005120327700972862,0.05
677,0.0005120327700972862,0.05
1474,0.0005120327700972862,0.05
1088,0.0005120327700972862,0.05
506,0.0005120327700972862,0.05
407,0.0005120327700972862,0.05
1899,0.0005120327700972862,0.05
1486,0.0005120327700972862,0.05
1745,0.0005120327700972862,0.05
441,0.0005120327700972862,0.05
862,0.0005120327700972862,0.05
1386,0.0005120327700972862,0.05
320,0.0005120327700972862,0.05
1195,0.0005120327700972862,0.05
1167,0.0005120327700972862,0.05
1725,0.0005120327700972862,0.05
1454,0.0005120327700972862,0.05
422,0.0005120327700972862,0.05
3040,0.0005120327700972862,0.05
2489,0.0005120327700972862,0.05
1497,0.0005120327700972862,0.05
169,0.0005120327700972862,0.05
1699,0.0005120327700972862,0.05
391,0.0005120327700972862,0.05
212,0.0005120327700972862,0.05
1328,0.0005120327700972862,0.05
921,0.0005120327700972862,0.05
1616,0.0005120327700972862,0.05
888,0.0005120327700972862,0.05
548,0.0005120327700972862,0.05
2657,0.0005120327700972862,0.05
1024,0.0005120327700972862,0.05
1908,0.0005120327700972862,0.05
1633,0.0005120327700972862,0.05
1959,0.0005120327700972862,0.05
3046,0.0005120327700972862,0.05
1091,0.0005120327700972862,0.05
572,0.0005120327700972862,0.05
267,0.0005120327700972862,0.05
1602,0.0005120327700972862,0.05
1970,0.0005120327700972862,0.05
1458,0.0005120327700972862,0.05
2049,0.0005120327700972862,0.05
1494,0.0005120327700972862,0.05
1018,0.0005120327700972862,0.05
538,0.0005120327700972862,0.05
1548,0.0005120327700972862,0.05
1117,0.0005120327700972862,0.05
1341,0.0005120327700972862,0.05
664,0.0005120327700972862,0.05
528,0.0005120327700972862,0.05
1360,0.0005120327700972862,0.05
2305,0.0005120327700972862,0.05
152,0.0005120327700972862,0.05
1026,0.0005120327700972862,0.05
1233,0.0005120327700972862,0.05
1563,0.0005120327700972862,0.05
630,0.0005120327700972862,0.05
305,0.0005120327700972862,0.05
803,0.0005120327700972862,0.05
818,0.0005120327700972862,0.05
695,0.0005120327700972862,0.05
2230,0.0005120327700972862,0.05
268,0.0005120327700972862,0.05
1268,0.0005120327700972862,0.05
3092,0.0005120327700972862,0.05
374,0.0005120327700972862,0.05
1211,0.0005120327700972862,0.05
2238,0.0005120327700972862,0.05
948,0.0005120327700972862,0.05
200,0.0005120327700972862,0.05
1382,0.0005120327700972862,0.05
444,0.0005120327700972862,0.05
429,0.0005120327700972862,0.05
1550,0.0005120327700972862,0.05
2959,0.0005120327700972862,0.05
880,0.0005120327700972862,0.05
1221,0.0005120327700972862,0.05
1784,0.0005120327700972862,0.05
1924,0.0005120327700972862,0.05
543,0.0005120327700972862,0.05
562,0.0005120327700972862,0.05
857,0.0005120327700972862,0.05
1483,0.0005120327700972862,0.05
2175,0.0005120327700972862,0.05
883,0.0005120327700972862,0.05
1262,0.0005120327700972862,0.05
2626,0.0005120327700972862,0.05
1123,0.0005120327700972862,0.05
701,0.0005120327700972862,0.05
566,0.0005120327700972862,0.05
900,0.0005120327700972862,0.05
649,0.0005120327700972862,0.05
384,0.0005120327700972862,0.05
2867,0.0005120327700972862,0.05
213,0.0005120327700972862,0.05
2662,0.0005120327700972862,0.05
265,0.0005120327700972862,0.05
1462,0.0005120327700972862,0.05
1842,0.0005120327700972862,0.05
1540,0.0005120327700972862,0.05
1767,0.0005120327700972862,0.05
2980,0.0005120327700972862,0.05
721,0.0005120327700972862,0.05
1467,0.0005120327700972862,0.05
2787,0.0005120327700972862,0.05
855,0.0005120327700972862,0.05
636,0.0005120327700972862,0.05
1982,0.0005120327700972862,0.05
1502,0.0005120327700972862,0.05
615,0.0005120327700972862,0.05
696,0.0005120327700972862,0.05
755,0.0005120327700972862,0.05
164,0.0005120327700972862,0.05
876,0.0005120327700972862,0.05
688,0.0005120327700972862,0.05
479,0.0005120327700972862,0.05
1042,0.0005120327700972862,0.05
2309,0.0005120327700972862,0.05
1746,0.0005120327700972862,0.05
764,0.0005120327700972862,0.05
258,0.0005120327700972862,0.05
1274,0.0005120327700972862,0.05
781,0.0005120327700972862,0.05
2136,0.0005120327700972862,0.05
1524,0.0005120327700972862,0.05
1964,0.0005120327700972862,0.05
758,0.0005120327700972862,0.05
1658,0.0005120327700972862,0.05
1476,0.0005120327700972862,0.05
1572,0.0005120327700972862,0.05
760,0.0005120327700972862,0.05
2064,0.0005120327700972862,0.05
1954,0.0005120327700972862,0.05
1257,0.0005120327700972862,0.05
1402,0.0005120327700972862,0.05
2610,0.0005120327700972862,0.05
248,0.0005120327700972862,0.05
2065,0.0005120327700972862,0.05
1646,0.0005120327700972862,0.05
2686,0.0005120327700972862,0.05
1551,0.0005120327700972862,0.05
1600,0.0005120327700972862,0.05
1124,0.0005120327700972862,0.05
3208,0.0005120327700972862,0.05
2855,0.0005120327700972862,0.05
1348,0.0005120327700972862,0.05
2184,0.0005120327700972862,0.05
2274,0.0005120327700972862,0.05
877,0.0005120327700972862,0.05
693,0.0005120327700972862,0.05
962,0.0005120327700972862,0.05
673,0.0005120327700972862,0.05
2268,0.0005120327700972862,0.05
1545,0.0005120327700972862,0.05
1071,0.0005120327700972862,0.05
1299,0.0005120327700972862,0.05
1475,0.0005120327700972862,0.05
260,0.0005120327700972862,0.05
8560,0.0005120327700972862,0.05
1309,0.0005120327700972862,0.05
1248,0.0005120327700972862,0.05
389,0.0005120327700972862,0.05
1156,0.0005120327700972862,0.05
1247,0.0005120327700972862,0.05
1455,0.0005120327700972862,0.05
1724,0.0005120327700972862,0.05
2562,0.0005120327700972862,0.05
2318,0.0005120327700972862,0.05
1627,0.0005120327700972862,0.05
835,0.0005120327700972862,0.05
536,0.0005120327700972862,0.05
1205,0.0005120327700972862,0.05
1408,0.0005120327700972862,0.05
804,0.0005120327700972862,0.05
2224,0.0005120327700972862,0.05
300,0.0005120327700972862,0.05
1460,0.0005120327700972862,0.05
2366,0.0005120327700972862,0.05
276,0.0005120327700972862,0.05
2463,0.0005120327700972862,0.05
1705,0.0005120327700972862,0.05
1801,0.0005120327700972862,0.05
1129,0.0005120327700972862,0.05
272,0.0005120327700972862,0.05
291,0.0005120327700972862,0.05
1255,0.0005120327700972862,0.05
2146,0.0005120327700972862,0.05
2008,0.0005120327700972862,0.05
2074,0.0002560163850486431,0.03
2900,0.0002560163850486431,0.03
1666,0.0002560163850486431,0.03
3005,0.0002560163850486431,0.03
3498,0.0002560163850486431,0.03
96,0.0002560163850486431,0.03
4151,0.0002560163850486431,0.03
209,0.0002560163850486431,0.03
1588,0.0002560163850486431,0.03
2443,0.0002560163850486431,0.03
156,0.0002560163850486431,0.03
3848,0.0002560163850486431,0.03
5499,0.0002560163850486431,0.03
2646,0.0002560163850486431,0.03
6609,0.0002560163850486431,0.03
549,0.0002560163850486431,0.03
2885,0.0002560163850486431,0.03
2188,0.0002560163850486431,0.03
216,0.0002560163850486431,0.03
2765,0.0002560163850486431,0.03
2912,0.0002560163850486431,0.03
778,0.0002560163850486431,0.03
4119,0.0002560163850486431,0.03
511,0.0002560163850486431,0.03
4481,0.0002560163850486431,0.03
5392,0.0002560163850486431,0.03
7645,0.0002560163850486431,0.03
2604,0.0002560163850486431,0.03
7348,0.0002560163850486431,0.03
95,0.0002560163850486431,0.03
4061,0.0002560163850486431,0.03
2826,0.0002560163850486431,0.03
3867,0.0002560163850486431,0.03
1573,0.0002560163850486431,0.03
4604,0.0002560163850486431,0.03
2102,0.0002560163850486431,0.03
1729,0.0002560163850486431,0.03
1303,0.0002560163850486431,0.03
3375,0.0002560163850486431,0.03
1611,0.0002560163850486431,0.03
2220,0.0002560163850486431,0.03
657,0.0002560163850486431,0.03
150,0.0002560163850486431,0.03
2275,0.0002560163850486431,0.03
2118,0.0002560163850486431,0.03
1661,0.0002560163850486431,0.03
646,0.0002560163850486431,0.03
1689,0.0002560163850486431,0.03
1059,0.0002560163850486431,0.03
174,0.0002560163850486431,0.03
396,0.0002560163850486431,0.03
2134,0.0002560163850486431,0.03
377,0.0002560163850486431,0.03
1795,0.0002560163850486431,0.03
2020,0.0002560163850486431,0.03
1344,0.0002560163850486431,0.03
1398,0.0002560163850486431,0.03
2242,0.0002560163850486431,0.03
1463,0.0002560163850486431,0.03
1184,0.0002560163850486431,0.03
2362,0.0002560163850486431,0.03
1575,0.0002560163850486431,0.03
2862,0.0002560163850486431,0.03
192,0.0002560163850486431,0.03
2774,0.0002560163850486431,0.03
766,0.0002560163850486431,0.03
2009,0.0002560163850486431,0.03
2291,0.0002560163850486431,0.03
1686,0.0002560163850486431,0.03
2265,0.0002560163850486431,0.03
969,0.0002560163850486431,0.03
932,0.0002560163850486431,0.03
1644,0.0002560163850486431,0.03
236,0.0002560163850486431,0.03
1664,0.0002560163850486431,0.03
1056,0.0002560163850486431,0.03
798,0.0002560163850486431,0.03
3098,0.0002560163850486431,0.03
1897,0.0002560163850486431,0.03
2209,0.0002560163850486431,0.03
2135,0.0002560163850486431,0.03
2593,0.0002560163850486431,0.03
107,0.0002560163850486431,0.03
607,0.0002560163850486431,0.03
7762,0.0002560163850486431,0.03
1861,0.0002560163850486431,0.03
2334,0.0002560163850486431,0.03
358,0.0002560163850486431,0.03
4277,0.0002560163850486431,0.03
1503,0.0002560163850486431,0.03
1596,0.0002560163850486431,0.03
1227,0.0002560163850486431,0.03
5116,0.0002560163850486431,0.03
7096,0.0002560163850486431,0.03
271,0.0002560163850486431,0.03
2911,0.0002560163850486431,0.03
1150,0.0002560163850486431,0.03
133,0.0002560163850486431,0.03
1850,0.0002560163850486431,0.03
5009,0.0002560163850486431,0.03
1603,0.0002560163850486431,0.03
1654,0.0002560163850486431,0.03
3361,0.0002560163850486431,0.03
182,0.0002560163850486431,0.03
896,0.0002560163850486431,0.03
2849,0.0002560163850486431,0.03
1216,0.0002560163850486431,0.03
647,0.0002560163850486431,0.03
2496,0.0002560163850486431,0.03
7577,0.0002560163850486431,0.03
1990,0.0002560163850486431,0.03
2865,0.0002560163850486431,0.03
2296,0.0002560163850486431,0.03
1086,0.0002560163850486431,0.03
491,0.0002560163850486431,0.03
2829,0.0002560163850486431,0.03
3892,0.0002560163850486431,0.03
1021,0.0002560163850486431,0.03
5257,0.0002560163850486431,0.03
2018,0.0002560163850486431,0.03
2537,0.0002560163850486431,0.03
4142,0.0002560163850486431,0.03
5416,0.0002560163850486431,0.03
533,0.0002560163850486431,0.03
2148,0.0002560163850486431,0.03
10038,0.0002560163850486431,0.03
7268,0.0002560163850486431,0.03
6704,0.0002560163850486431,0.03
2337,0.0002560163850486431,0.03
2497,0.0002560163850486431,0.03
8808,0.0002560163850486431,0.03
4432,0.0002560163850486431,0.03
9529,0.0002560163850486431,0.03
14771,0.0002560163850486431,0.03
417,0.0002560163850486431,0.03
1337,0.0002560163850486431,0.03
521,0.0002560163850486431,0.03
373,0.0002560163850486431,0.03
157,0.0002560163850486431,0.03
1425,0.0002560163850486431,0.03
1586,0.0002560163850486431,0.03
1395,0.0002560163850486431,0.03
2917,0.0002560163850486431,0.03
3627,0.0002560163850486431,0.03
3908,0.0002560163850486431,0.03
3322,0.0002560163850486431,0.03
3491,0.0002560163850486431,0.03
1870,0.0002560163850486431,0.03
3839,0.0002560163850486431,0.03
1773,0.0002560163850486431,0.03
2553,0.0002560163850486431,0.03
6345,0.0002560163850486431,0.03
2926,0.0002560163850486431,0.03
3019,0.0002560163850486431,0.03
4187,0.0002560163850486431,0.03
2300,0.0002560163850486431,0.03
2579,0.0002560163850486431,0.03
812,0.0002560163850486431,0.03
3647,0.0002560163850486431,0.03
2961,0.0002560163850486431,0.03
2548,0.0002560163850486431,0.03
3373,0.0002560163850486431,0.03
2587,0.0002560163850486431,0.03
3930,0.0002560163850486431,0.03
1848,0.0002560163850486431,0.03
2176,0.0002560163850486431,0.03
5714,0.0002560163850486431,0.03
2181,0.0002560163850486431,0.03
5781,0.0002560163850486431,0.03
3657,0.0002560163850486431,0.03
2500,0.0002560163850486431,0.03
6976,0.0002560163850486431,0.03
1944,0.0002560163850486431,0.03
2677,0.0002560163850486431,0.03
1761,0.0002560163850486431,0.03
2364,0.0002560163850486431,0.03
4554,0.0002560163850486431,0.03
4384,0.0002560163850486431,0.03
1898,0.0002560163850486431,0.03
6715,0.0002560163850486431,0.03
10290,0.0002560163850486431,0.03
4316,0.0002560163850486431,0.03
2996,0.0002560163850486431,0.03
14742,0.0002560163850486431,0.03
2044,0.0002560163850486431,0.03
2742,0.0002560163850486431,0.03
1544,0.0002560163850486431,0.03
383,0.0002560163850486431,0.03
462,0.0002560163850486431,0.03
1918,0.0002560163850486431,0.03
722,0.0002560163850486431,0.03
3419,0.0002560163850486431,0.03
262,0.0002560163850486431,0.03
2322,0.0002560163850486431,0.03
2273,0.0002560163850486431,0.03
481,0.0002560163850486431,0.03
2414,0.0002560163850486431,0.03
2860,0.0002560163850486431,0.03
2523,0.0002560163850486431,0.03
1536,0.0002560163850486431,0.03
2315,0.0002560163850486431,0.03
632,0.0002560163850486431,0.03
1152,0.0002560163850486431,0.03
1330,0.0002560163850486431,0.03
872,0.0002560163850486431,0.03
2576,0.0002560163850486431,0.03
2304,0.0002560163850486431,0.03
2650,0.0002560163850486431,0.03
2053,0.0002560163850486431,0.03
1372,0.0002560163850486431,0.03
3314,0.0002560163850486431,0.03
1847,0.0002560163850486431,0.03
406,0.0002560163850486431,0.03
3115,0.0002560163850486431,0.03
2035,0.0002560163850486431,0.03
2109,0.0002560163850486431,0.03
2895,0.0002560163850486431,0.03
1308,0.0002560163850486431,0.03
2942,0.0002560163850486431,0.03
2615,0.0002560163850486431,0.03
1622,0.0002560163850486431,0.03
1245,0.0002560163850486431,0.03
1947,0.0002560163850486431,0.03
2442,0.0002560163850486431,0.03
2467,0.0002560163850486431,0.03
3181,0.0002560163850486431,0.03
1078,0.0002560163850486431,0.03
1813,0.0002560163850486431,0.03
1809,0.0002560163850486431,0.03
2521,0.0002560163850486431,0.03
2114,0.0002560163850486431,0.03
1690,0.0002560163850486431,0.03
3058,0.0002560163850486431,0.03
2888,0.0002560163850486431,0.03
1934,0.0002560163850486431,0.03
1566,0.0002560163850486431,0.03
1355,0.0002560163850486431,0.03
4225,0.0002560163850486431,0.03
2232,0.0002560163850486431,0.03
9586,0.0002560163850486431,0.03
2289,0.0002560163850486431,0.03
8197,0.0002560163850486431,0.03
190,0.0002560163850486431,0.03
2385,0.0002560163850486431,0.03
2213,0.0002560163850486431,0.03
2815,0.0002560163850486431,0.03
1238,0.0002560163850486431,0.03
780,0.0002560163850486431,0.03
111,0.0002560163850486431,0.03
1865,0.0002560163850486431,0.03
4373,0.0002560163850486431,0.03
1194,0.0002560163850486431,0.03
1859,0.0002560163850486431,0.03
2513,0.0002560163850486431,0.03
1185,0.0002560163850486431,0.03
1750,0.0002560163850486431,0.03
1394,0.0002560163850486431,0.03
1840,0.0002560163850486431,0.03
413,0.0002560163850486431,0.03
863,0.0002560163850486431,0.03
1440,0.0002560163850486431,0.03
1565,0.0002560163850486431,0.03
1651,0.0002560163850486431,0.03
1981,0.0002560163850486431,0.03
199,0.0002560163850486431,0.03
353,0.0002560163850486431,0.03
1529,0.0002560163850486431,0.03
3888,0.0002560163850486431,0.03
3265,0.0002560163850486431,0.03
3740,0.0002560163850486431,0.03
469,0.0002560163850486431,0.03
1250,0.0002560163850486431,0.03
2040,0.0002560163850486431,0.03
1786,0.0002560163850486431,0.03
3118,0.0002560163850486431,0.03
2791,0.0002560163850486431,0.03
2235,0.0002560163850486431,0.03
3464,0.0002560163850486431,0.03
1755,0.0002560163850486431,0.03
2618,0.0002560163850486431,0.03
2365,0.0002560163850486431,0.03
5471,0.0002560163850486431,0.03
3172,0.0002560163850486431,0.03
4066,0.0002560163850486431,0.03
3219,0.0002560163850486431,0.03
2971,0.0002560163850486431,0.03
4739,0.0002560163850486431,0.03
4691,0.0002560163850486431,0.03
3400,0.0002560163850486431,0.03
2456,0.0002560163850486431,0.03
5625,0.0002560163850486431,0.03
1805,0.0002560163850486431,0.03
2075,0.0002560163850486431,0.03
147,0.0002560163850486431,0.03
2347,0.0002560163850486431,0.03
5025,0.0002560163850486431,0.03
3096,0.0002560163850486431,0.03
823,0.0002560163850486431,0.03
256,0.0002560163850486431,0.03
175,0.0002560163850486431,0.03
159,0.0002560163850486431,0.03
834,0.0002560163850486431,0.03
1234,0.0002560163850486431,0.03
518,0.0002560163850486431,0.03
163,0.0002560163850486431,0.03
101,0.0002560163850486431,0.03
2038,0.0002560163850486431,0.03
2080,0.0002560163850486431,0.03
1591,0.0002560163850486431,0.03
463,0.0002560163850486431,0.03
2992,0.0002560163850486431,0.03
3531,0.0002560163850486431,0.03
943,0.0002560163850486431,0.03
3221,0.0002560163850486431,0.03
2720,0.0002560163850486431,0.03
2423,0.0002560163850486431,0.03
93,0.0002560163850486431,0.03
3064,0.0002560163850486431,0.03
723,0.0002560163850486431,0.03
658,0.0002560163850486431,0.03
269,0.0002560163850486431,0.03
2918,0.0002560163850486431,0.03
149,0.0002560163850486431,0.03
136,0.0002560163850486431,0.03
138,0.0002560163850486431,0.03
1391,0.0002560163850486431,0.03
510,0.0002560163850486431,0.03
837,0.0002560163850486431,0.03
1081,0.0002560163850486431,0.03
1374,0.0002560163850486431,0.03
2566,0.0002560163850486431,0.03
4092,0.0002560163850486431,0.03
1442,0.0002560163850486431,0.03
3240,0.0002560163850486431,0.03
3900,0.0002560163850486431,0.03
4434,0.0002560163850486431,0.03
1206,0.0002560163850486431,0.03
3448,0.0002560163850486431,0.03
2453,0.0002560163850486431,0.03
1760,0.0002560163850486431,0.03
2100,0.0002560163850486431,0.03
2417,0.0002560163850486431,0.03
4327,0.0002560163850486431,0.03
2270,0.0002560163850486431,0.03
3128,0.0002560163850486431,0.03
1684,0.0002560163850486431,0.03
1558,0.0002560163850486431,0.03
1514,0.0002560163850486431,0.03
2459,0.0002560163850486431,0.03
2564,0.0002560163850486431,0.03
3184,0.0002560163850486431,0.03
2471,0.0002560163850486431,0.03
3264,0.0002560163850486431,0.03
1370,0.0002560163850486431,0.03
2998,0.0002560163850486431,0.03
1377,0.0002560163850486431,0.03
306,0.0002560163850486431,0.03
3069,0.0002560163850486431,0.03
4633,0.0002560163850486431,0.03
3486,0.0002560163850486431,0.03
393,0.0002560163850486431,0.03
4907,0.0002560163850486431,0.03
2329,0.0002560163850486431,0.03
1888,0.0002560163850486431,0.03
2504,0.0002560163850486431,0.03
3130,0.0002560163850486431,0.03
2439,0.0002560163850486431,0.03
4067,0.0002560163850486431,0.03
1807,0.0002560163850486431,0.03
3310,0.0002560163850486431,0.03
1680,0.0002560163850486431,0.03
635,0.0002560163850486431,0.03
3359,0.0002560163850486431,0.03
2783,0.0002560163850486431,0.03
2522,0.0002560163850486431,0.03
2599,0.0002560163850486431,0.03
15,0.0002560163850486431,0.03
2466,0.0002560163850486431,0.03
1405,0.0002560163850486431,0.03
2492,0.0002560163850486431,0.03
3258,0.0002560163850486431,0.03
3587,0.0002560163850486431,0.03
2510,0.0002560163850486431,0.03
2592,0.0002560163850486431,0.03
1708,0.0002560163850486431,0.03
3054,0.0002560163850486431,0.03
3604,0.0002560163850486431,0.03
8718,0.0002560163850486431,0.03
625,0.0002560163850486431,0.03
2837,0.0002560163850486431,0.03
1013,0.0002560163850486431,0.03
3380,0.0002560163850486431,0.03
8379,0.0002560163850486431,0.03
2667,0.0002560163850486431,0.03
3972,0.0002560163850486431,0.03
2286,0.0002560163850486431,0.03
2695,0.0002560163850486431,0.03
1846,0.0002560163850486431,0.03
2359,0.0002560163850486431,0.03
5247,0.0002560163850486431,0.03
2635,0.0002560163850486431,0.03
440,0.0002560163850486431,0.03
2864,0.0002560163850486431,0.03
3955,0.0002560163850486431,0.03
925,0.0002560163850486431,0.03
1390,0.0002560163850486431,0.03
2614,0.0002560163850486431,0.03
2505,0.0002560163850486431,0.03
2756,0.0002560163850486431,0.03
1230,0.0002560163850486431,0.03
1838,0.0002560163850486431,0.03
1007,0.0002560163850486431,0.03
4235,0.0002560163850486431,0.03
2094,0.0002560163850486431,0.03
4352,0.0002560163850486431,0.03
3629,0.0002560163850486431,0.03
9267,0.0002560163850486431,0.03
1948,0.0002560163850486431,0.03
2718,0.0002560163850486431,0.03
4667,0.0002560163850486431,0.03
8347,0.0002560163850486431,0.03
4638,0.0002560163850486431,0.03
3693,0.0002560163850486431,0.03
3056,0.0002560163850486431,0.03
5333,0.0002560163850486431,0.03
4123,0.0002560163850486431,0.03
1710,0.0002560163850486431,0.03
973,0.0002560163850486431,0.03
2243,0.0002560163850486431,0.03
3353,0.0002560163850486431,0.03
2468,0.0002560163850486431,0.03
537,0.0002560163850486431,0.03
648,0.0002560163850486431,0.03
7321,0.0002560163850486431,0.03
795,0.0002560163850486431,0.03
131,0.0002560163850486431,0.03
2581,0.0002560163850486431,0.03
2313,0.0002560163850486431,0.03
787,0.0002560163850486431,0.03
6245,0.0002560163850486431,0.03
1742,0.0002560163850486431,0.03
564,0.0002560163850486431,0.03
619,0.0002560163850486431,0.03
5474,0.0002560163850486431,0.03
2141,0.0002560163850486431,0.03
3443,0.0002560163850486431,0.03
2071,0.0002560163850486431,0.03
4120,0.0002560163850486431,0.03
3452,0.0002560163850486431,0.03
378,0.0002560163850486431,0.03
960,0.0002560163850486431,0.03
2608,0.0002560163850486431,0.03
3320,0.0002560163850486431,0.03
531,0.0002560163850486431,0.03
2577,0.0002560163850486431,0.03
938,0.0002560163850486431,0.03
2066,0.0002560163850486431,0.03
2823,0.0002560163850486431,0.03
323,0.0002560163850486431,0.03
359,0.0002560163850486431,0.03
363,0.0002560163850486431,0.03
226,0.0002560163850486431,0.03
3475,0.0002560163850486431,0.03
1260,0.0002560163850486431,0.03
5359,0.0002560163850486431,0.03
1296,0.0002560163850486431,0.03
261,0.0002560163850486431,0.03
568,0.0002560163850486431,0.03
1353,0.0002560163850486431,0.03
2584,0.0002560163850486431,0.03
4045,0.0002560163850486431,0.03
2216,0.0002560163850486431,0.03
165,0.0002560163850486431,0.03
1688,0.0002560163850486431,0.03
1160,0.0002560163850486431,0.03
1516,0.0002560163850486431,0.03
1508,0.0002560163850486431,0.03
2222,0.0002560163850486431,0.03
5647,0.0002560163850486431,0.03
171,0.0002560163850486431,0.03
246,0.0002560163850486431,0.03
8742,0.0002560163850486431,0.03
455,0.0002560163850486431,0.03
223,0.0002560163850486431,0.03
3295,0.0002560163850486431,0.03
908,0.0002560163850486431,0.03
3541,0.0002560163850486431,0.03
1983,0.0002560163850486431,0.03
3519,0.0002560163850486431,0.03
480,0.0002560163850486431,0.03
5643,0.0002560163850486431,0.03
187,0.0002560163850486431,0.03
1660,0.0002560163850486431,0.03
2356,0.0002560163850486431,0.03
2348,0.0002560163850486431,0.03
3832,0.0002560163850486431,0.03
304,0.0002560163850486431,0.03
7373,0.0002560163850486431,0.03
475,0.0002560163850486431,0.03
2656,0.0002560163850486431,0.03
7985,0.0002560163850486431,0.03
2724,0.0002560163850486431,0.03
135,0.0002560163850486431,0.03
9669,0.0002560163850486431,0.03
8180,0.0002560163850486431,0.03
10005,0.0002560163850486431,0.03
2985,0.0002560163850486431,0.03
1935,0.0002560163850486431,0.03
3190,0.0002560163850486431,0.03
3192,0.0002560163850486431,0.03
3879,0.0002560163850486431,0.03
251,0.0002560163850486431,0.03
1751,0.0002560163850486431,0.03
1999,0.0002560163850486431,0.03
3369,0.0002560163850486431,0.03
1624,0.0002560163850486431,0.03
2122,0.0002560163850486431,0.03
408,0.0002560163850486431,0.03
467,0.0002560163850486431,0.03
2795,0.0002560163850486431,0.03
334,0.0002560163850486431,0.03
3964,0.0002560163850486431,0.03
3562,0.0002560163850486431,0.03
2825,0.0002560163850486431,0.03
749,0.0002560163850486431,0.03
2185,0.0002560163850486431,0.03
181,0.0002560163850486431,0.03
2582,0.0002560163850486431,0.03
3162,0.0002560163850486431,0.03
370,0.0002560163850486431,0.03
2790,0.0002560163850486431,0.03
2928,0.0002560163850486431,0.03
332,0.0002560163850486431,0.03
428,0.0002560163850486431,0.03
252,0.0002560163850486431,0.03
2786,0.0002560163850486431,0.03
529,0.0002560163850486431,0.03
1628,0.0002560163850486431,0.03
2915,0.0002560163850486431,0.03
1911,0.0002560163850486431,0.03
1754,0.0002560163850486431,0.03
419,0.0002560163850486431,0.03
2149,0.0002560163850486431,0.03
1036,0.0002560163850486431,0.03
1172,0.0002560163850486431,0.03
643,0.0002560163850486431,0.03
1640,0.0002560163850486431,0.03
3662,0.0002560163850486431,0.03
3170,0.0002560163850486431,0.03
1652,0.0002560163850486431,0.03
1282,0.0002560163850486431,0.03
1412,0.0002560163850486431,0.03
1928,0.0002560163850486431,0.03
1802,0.0002560163850486431,0.03
1916,0.0002560163850486431,0.03
2863,0.0002560163850486431,0.03
3795,0.0002560163850486431,0.03
3530,0.0002560163850486431,0.03
2702,0.0002560163850486431,0.03
3133,0.0002560163850486431,0.03
1478,0.0002560163850486431,0.03
794,0.0002560163850486431,0.03
228,0.0002560163850486431,0.03
1995,0.0002560163850486431,0.03
2844,0.0002560163850486431,0.03
2294,0.0002560163850486431,0.03
3223,0.0002560163850486431,0.03
3665,0.0002560163850486431,0.03
3124,0.0002560163850486431,0.03
307,0.0002560163850486431,0.03
742,0.0002560163850486431,0.03
1854,0.0002560163850486431,0.03
1365,0.0002560163850486431,0.03
2728,0.0002560163850486431,0.03
1656,0.0002560163850486431,0.03
3350,0.0002560163850486431,0.03
3715,0.0002560163850486431,0.03
1895,0.0002560163850486431,0.03
2575,0.0002560163850486431,0.03
243,0.0002560163850486431,0.03
2887,0.0002560163850486431,0.03
830,0.0002560163850486431,0.03
2397,0.0002560163850486431,0.03
2539,0.0002560163850486431,0.03
1615,0.0002560163850486431,0.03
1393,0.0002560163850486431,0.03
580,0.0002560163850486431,0.03
132,0.0002560163850486431,0.03
326,0.0002560163850486431,0.03
143,0.0002560163850486431,0.03
618,0.0002560163850486431,0.03
665,0.0002560163850486431,0.03
6376,0.0002560163850486431,0.03
3538,0.0002560163850486431,0.03
3698,0.0002560163850486431,0.03
3462,0.0002560163850486431,0.03
2590,0.0002560163850486431,0.03
3864,0.0002560163850486431,0.03
709,0.0002560163850486431,0.03
5188,0.0002560163850486431,0.03
1422,0.0002560163850486431,0.03
74289,0.0002560163850486431,0.03
2123,0.0002560163850486431,0.03
2178,0.0002560163850486431,0.03
1597,0.0002560163850486431,0.03
2299,0.0002560163850486431,0.03
3214,0.0002560163850486431,0.03
2027,0.0002560163850486431,0.03
3781,0.0002560163850486431,0.03
2455,0.0002560163850486431,0.03
2204,0.0002560163850486431,0.03
1823,0.0002560163850486431,0.03
1657,0.0002560163850486431,0.03
1636,0.0002560163850486431,0.03
1130,0.0002560163850486431,0.03
1100,0.0002560163850486431,0.03
1852,0.0002560163850486431,0.03
2983,0.0002560163850486431,0.03
2367,0.0002560163850486431,0.03
1368,0.0002560163850486431,0.03
1525,0.0002560163850486431,0.03
1700,0.0002560163850486431,0.03
1892,0.0002560163850486431,0.03
3382,0.0002560163850486431,0.03
3255,0.0002560163850486431,0.03
3020,0.0002560163850486431,0.03
3429,0.0002560163850486431,0.03
5538,0.0002560163850486431,0.03
3632,0.0002560163850486431,0.03
4381,0.0002560163850486431,0.03
4772,0.0002560163850486431,0.03
4311,0.0002560163850486431,0.03
9552,0.0002560163850486431,0.03
5375,0.0002560163850486431,0.03
4454,0.0002560163850486431,0.03
4350,0.0002560163850486431,0.03
4514,0.0002560163850486431,0.03
7097,0.0002560163850486431,0.03
3571,0.0002560163850486431,0.03
2085,0.0002560163850486431,0.03
2487,0.0002560163850486431,0.03
4754,0.0002560163850486431,0.03
1884,0.0002560163850486431,0.03
3132,0.0002560163850486431,0.03
2986,0.0002560163850486431,0.03
1104,0.0002560163850486431,0.03
2036,0.0002560163850486431,0.03
3224,0.0002560163850486431,0.03
2778,0.0002560163850486431,0.03
3147,0.0002560163850486431,0.03
516,0.0002560163850486431,0.03
520,0.0002560163850486431,0.03
4396,0.0002560163850486431,0.03
2052,0.0002560163850486431,0.03
2345,0.0002560163850486431,0.03
1879,0.0002560163850486431,0.03
829,0.0002560163850486431,0.03
2668,0.0002560163850486431,0.03
154,0.0002560163850486431,0.03
2846,0.0002560163850486431,0.03
4326,0.0002560163850486431,0.03
3012,0.0002560163850486431,0.03
2923,0.0002560163850486431,0.03
6802,0.0002560163850486431,0.03
4021,0.0002560163850486431,0.03
4596,0.0002560163850486431,0.03
1730,0.0002560163850486431,0.03
6568,0.0002560163850486431,0.03
235,0.0002560163850486431,0.03
339,0.0002560163850486431,0.03
634,0.0002560163850486431,0.03
4098,0.0002560163850486431,0.03
2822,0.0002560163850486431,0.03
1768,0.0002560163850486431,0.03
4518,0.0002560163850486431,0.03
4541,0.0002560163850486431,0.03
430,0.0002560163850486431,0.03
344,0.0002560163850486431,0.03
4529,0.0002560163850486431,0.03
2612,0.0002560163850486431,0.03
2121,0.0002560163850486431,0.03
125,0.0002560163850486431,0.03
2171,0.0002560163850486431,0.03
3806,0.0002560163850486431,0.03
1741,0.0002560163850486431,0.03
1759,0.0002560163850486431,0.03
361,0.0002560163850486431,0.03
1291,0.0002560163850486431,0.03
186,0.0002560163850486431,0.03
185,0.0002560163850486431,0.03
9207,0.0002560163850486431,0.03
7031,0.0002560163850486431,0.03
9328,0.0002560163850486431,0.03
4795,0.0002560163850486431,0.03
1815,0.0002560163850486431,0.03
7950,0.0002560163850486431,0.03
3363,0.0002560163850486431,0.03
4212,0.0002560163850486431,0.03
8747,0.0002560163850486431,0.03
1490,0.0002560163850486431,0.03
3068,0.0002560163850486431,0.03
2248,0.0002560163850486431,0.03
3059,0.0002560163850486431,0.03
727,0.0002560163850486431,0.03
725,0.0002560163850486431,0.03
1827,0.0002560163850486431,0.03
3831,0.0002560163850486431,0.03
3165,0.0002560163850486431,0.03
8635,0.0002560163850486431,0.03
2033,0.0002560163850486431,0.03
1521,0.0002560163850486431,0.03
2140,0.0002560163850486431,0.03
6949,0.0002560163850486431,0.03
2804,0.0002560163850486431,0.03
2056,0.0002560163850486431,0.03
1682,0.0002560163850486431,0.03
1993,0.0002560163850486431,0.03
1403,0.0002560163850486431,0.03
161,0.0002560163850486431,0.03
885,0.0002560163850486431,0.03
2955,0.0002560163850486431,0.03
2642,0.0002560163850486431,0.03
2739,0.0002560163850486431,0.03
2502,0.0002560163850486431,0.03
2700,0.0002560163850486431,0.03
1963,0.0002560163850486431,0.03
1785,0.0002560163850486431,0.03
2244,0.0002560163850486431,0.03
2713,0.0002560163850486431,0.03
2972,0.0002560163850486431,0.03
3141,0.0002560163850486431,0.03
2262,0.0002560163850486431,0.03
2225,0.0002560163850486431,0.03
468,0.0002560163850486431,0.03
1410,0.0002560163850486431,0.03
6263,0.0002560163850486431,0.03
3732,0.0002560163850486431,0.03
5432,0.0002560163850486431,0.03
2735,0.0002560163850486431,0.03
1538,0.0002560163850486431,0.03
371,0.0002560163850486431,0.03
1913,0.0002560163850486431,0.03
283,0.0002560163850486431,0.03
846,0.0002560163850486431,0.03
1637,0.0002560163850486431,0.03
2870,0.0002560163850486431,0.03
2789,0.0002560163850486431,0.03
1678,0.0002560163850486431,0.03
3008,0.0002560163850486431,0.03
1919,0.0002560163850486431,0.03
3021,0.0002560163850486431,0.03
2518,0.0002560163850486431,0.03
2381,0.0002560163850486431,0.03
1090,0.0002560163850486431,0.03
1357,0.0002560163850486431,0.03
514,0.0002560163850486431,0.03
5796,0.0002560163850486431,0.03
244,0.0002560163850486431,0.03
257,0.0002560163850486431,0.03
2547,0.0002560163850486431,0.03
1549,0.0002560163850486431,0.03
1876,0.0002560163850486431,0.03
3690,0.0002560163850486431,0.03
6554,0.0002560163850486431,0.03
1726,0.0002560163850486431,0.03
2681,0.0002560163850486431,0.03
7501,0.0002560163850486431,0.03
4813,0.0002560163850486431,0.03
2191,0.0002560163850486431,0.03
736,0.0002560163850486431,0.03
123,0.0002560163850486431,0.03
302,0.0002560163850486431,0.03
142,0.0002560163850486431,0.03
319,0.0002560163850486431,0.03
1816,0.0002560163850486431,0.03
1871,0.0002560163850486431,0.03
290,0.0002560163850486431,0.03
102,0.0002560163850486431,0.03
432,0.0002560163850486431,0.03
2351,0.0002560163850486431,0.03
5813,0.0002560163850486431,0.03
611,0.0002560163850486431,0.03
2082,0.0002560163850486431,0.03
1709,0.0002560163850486431,0.03
567,0.0002560163850486431,0.03
2934,0.0002560163850486431,0.03
299,0.0002560163850486431,0.03
4150,0.0002560163850486431,0.03
2578,0.0002560163850486431,0.03
637,0.0002560163850486431,0.03
2128,0.0002560163850486431,0.03
2530,0.0002560163850486431,0.03
3768,0.0002560163850486431,0.03
2387,0.0002560163850486431,0.03
2619,0.0002560163850486431,0.03
280,0.0002560163850486431,0.03
242,0.0002560163850486431,0.03
2792,0.0002560163850486431,0.03
4209,0.0002560163850486431,0.03
487,0.0002560163850486431,0.03
392,0.0002560163850486431,0.03
145,0.0002560163850486431,0.03
4446,0.0002560163850486431,0.03
210,0.0002560163850486431,0.03
425,0.0002560163850486431,0.03
547,0.0002560163850486431,0.03
1626,0.0002560163850486431,0.03
178,0.0002560163850486431,0.03
151,0.0002560163850486431,0.03
397,0.0002560163850486431,0.03
1323,0.0002560163850486431,0.03
2218,0.0002560163850486431,0.03
452,0.0002560163850486431,0.03
485,0.0002560163850486431,0.03
2827,0.0002560163850486431,0.03
1429,0.0002560163850486431,0.03
3802,0.0002560163850486431,0.03
2890,0.0002560163850486431,0.03
3967,0.0002560163850486431,0.03
87,0.0002560163850486431,0.03
367,0.0002560163850486431,0.03
676,0.0002560163850486431,0.03
1939,0.0002560163850486431,0.03
108,0.0002560163850486431,0.03
1571,0.0002560163850486431,0.03
4182,0.0002560163850486431,0.03
3821,0.0002560163850486431,0.03
116,0.0002560163850486431,0.03
289,0.0002560163850486431,0.03
1017,0.0002560163850486431,0.03
313,0.0002560163850486431,0.03
2446,0.0002560163850486431,0.03
1513,0.0002560163850486431,0.03
1893,0.0002560163850486431,0.03
629,0.0002560163850486431,0.03
2591,0.0002560163850486431,0.03
2199,0.0002560163850486431,0.03
523,0.0002560163850486431,0.03
376,0.0002560163850486431,0.03
2845,0.0002560163850486431,0.03
2712,0.0002560163850486431,0.03
3109,0.0002560163850486431,0.03
288,0.0002560163850486431,0.03
3009,0.0002560163850486431,0.03
2043,0.0002560163850486431,0.03
1532,0.0002560163850486431,0.03
1857,0.0002560163850486431,0.03
141,0.0002560163850486431,0.03
402,0.0002560163850486431,0.03
1931,0.0002560163850486431,0.03
227,0.0002560163850486431,0.03
732,0.0002560163850486431,0.03
196,0.0002560163850486431,0.03
1397,0.0002560163850486431,0.03
525,0.0002560163850486431,0.03
404,0.0002560163850486431,0.03
785,0.0002560163850486431,0.03
2690,0.0002560163850486431,0.03
247,0.0002560163850486431,0.03
2054,0.0002560163850486431,0.03
563,0.0002560163850486431,0.03
1962,0.0002560163850486431,0.03
457,0.0002560163850486431,0.03
2025,0.0002560163850486431,0.03
2374,0.0002560163850486431,0.03
2193,0.0002560163850486431,0.03
5909,0.0002560163850486431,0.03
2723,0.0002560163850486431,0.03
3218,0.0002560163850486431,0.03
2215,0.0002560163850486431,0.03
4637,0.0002560163850486431,0.03
1659,0.0002560163850486431,0.03
3387,0.0002560163850486431,0.03
2060,0.0002560163850486431,0.03
4075,0.0002560163850486431,0.03
2154,0.0002560163850486431,0.03
2445,0.0002560163850486431,0.03
687,0.0002560163850486431,0.03
3809,0.0002560163850486431,0.03
887,0.0002560163850486431,0.03
1302,0.0002560163850486431,0.03
971,0.0002560163850486431,0.03
5274,0.0002560163850486431,0.03
2965,0.0002560163850486431,0.03
345,0.0002560163850486431,0.03
426,0.0002560163850486431,0.03
596,0.0002560163850486431,0.03
983,0.0002560163850486431,0.03
2363,0.0002560163850486431,0.03
1951,0.0002560163850486431,0.03
2030,0.0002560163850486431,0.03
2187,0.0002560163850486431,0.03
3099,0.0002560163850486431,0.03
2159,0.0002560163850486431,0.03
1304,0.0002560163850486431,0.03
2137,0.0002560163850486431,0.03
2152,0.0002560163850486431,0.03
2183,0.0002560163850486431,0.03
6571,0.0002560163850486431,0.03
2993,0.0002560163850486431,0.03
2997,0.0002560163850486431,0.03
193,0.0002560163850486431,0.03
833,0.0002560163850486431,0.03
8863,0.0002560163850486431,0.03
1441,0.0002560163850486431,0.03
2470,0.0002560163850486431,0.03
2403,0.0002560163850486431,0.03
2151,0.0002560163850486431,0.03
2526,0.0002560163850486431,0.03
2266,0.0002560163850486431,0.03
2552,0.0002560163850486431,0.03
153,0.0002560163850486431,0.03
2749,0.0002560163850486431,0.03
2538,0.0002560163850486431,0.03
255,0.0002560163850486431,0.03
3204,0.0002560163850486431,0.03
177,0.0002560163850486431,0.03
3915,0.0002560163850486431,0.03
1119,0.0002560163850486431,0.03
415,0.0002560163850486431,0.03
221,0.0002560163850486431,0.03
434,0.0002560163850486431,0.03
486,0.0002560163850486431,0.03
115,0.0002560163850486431,0.03
448,0.0002560163850486431,0.03
5075,0.0002560163850486431,0.03
2904,0.0002560163850486431,0.03
1989,0.0002560163850486431,0.03
4607,0.0002560163850486431,0.03
1204,0.0002560163850486431,0.03
442,0.0002560163850486431,0.03
565,0.0002560163850486431,0.03
170,0.0002560163850486431,0.03
333,0.0002560163850486431,0.03
8567,0.0002560163850486431,0.03
4593,0.0002560163850486431,0.03
4658,0.0002560163850486431,0.03
1812,0.0002560163850486431,0.03
229,0.0002560163850486431,0.03
1256,0.0002560163850486431,0.03
3471,0.0002560163850486431,0.03
337,0.0002560163850486431,0.03
447,0.0002560163850486431,0.03
464,0.0002560163850486431,0.03
1110,0.0002560163850486431,0.03
3999,0.0002560163850486431,0.03
3522,0.0002560163850486431,0.03
2288,0.0002560163850486431,0.03
424,0.0002560163850486431,0.03
1925,0.0002560163850486431,0.03
4543,0.0002560163850486431,0.03
2903,0.0002560163850486431,0.03
465,0.0002560163850486431,0.03
3424,0.0002560163850486431,0.03
1592,0.0002560163850486431,0.03
2354,0.0002560163850486431,0.03
2729,0.0002560163850486431,0.03
2967,0.0002560163850486431,0.03
477,0.0002560163850486431,0.03
3114,0.0002560163850486431,0.03
2869,0.0002560163850486431,0.03
2272,0.0002560163850486431,0.03
2197,0.0002560163850486431,0.03
2726,0.0002560163850486431,0.03
958,0.0002560163850486431,0.03
793,0.0002560163850486431,0.03
970,0.0002560163850486431,0.03
1148,0.0002560163850486431,0.03
947,0.0002560163850486431,0.03
1293,0.0002560163850486431,0.03
1649,0.0002560163850486431,0.03
776,0.0002560163850486431,0.03
1419,0.0002560163850486431,0.03
1639,0.0002560163850486431,0.03
1014,0.0002560163850486431,0.03
2433,0.0002560163850486431,0.03
381,0.0002560163850486431,0.03
622,0.0002560163850486431,0.03
1979,0.0002560163850486431,0.03
2450,0.0002560163850486431,0.03
1922,0.0002560163850486431,0.03
4091,0.0002560163850486431,0.03
2621,0.0002560163850486431,0.03
2810,0.0002560163850486431,0.03
1333,0.0002560163850486431,0.03
3082,0.0002560163850486431,0.03
2002,0.0002560163850486431,0.03
2482,0.0002560163850486431,0.03
2508,0.0002560163850486431,0.03
7543,0.0002560163850486431,0.03
1009,0.0002560163850486431,0.03
1546,0.0002560163850486431,0.03
1610,0.0002560163850486431,0.03
2089,0.0002560163850486431,0.03
2473,0.0002560163850486431,0.03
2658,0.0002560163850486431,0.03
2819,0.0002560163850486431,0.03
1356,0.0002560163850486431,0.03
1500,0.0002560163850486431,0.03
1517,0.0002560163850486431,0.03
1791,0.0002560163850486431,0.03
1376,0.0002560163850486431,0.03
1050,0.0002560163850486431,0.03
3271,0.0002560163850486431,0.03
1225,0.0002560163850486431,0.03
761,0.0002560163850486431,0.03
984,0.0002560163850486431,0.03
526,0.0002560163850486431,0.03
357,0.0002560163850486431,0.03
1095,0.0002560163850486431,0.03
1832,0.0002560163850486431,0.03
1358,0.0002560163850486431,0.03
1694,0.0002560163850486431,0.03
2034,0.0002560163850486431,0.03
509,0.0002560163850486431,0.03
1051,0.0002560163850486431,0.03
1695,0.0002560163850486431,0.03
638,0.0002560163850486431,0.03
861,0.0002560163850486431,0.03
544,0.0002560163850486431,0.03
881,0.0002560163850486431,0.03
909,0.0002560163850486431,0.03
616,0.0002560163850486431,0.03
791,0.0002560163850486431,0.03
981,0.0002560163850486431,0.03
763,0.0002560163850486431,0.03
1075,0.0002560163850486431,0.03
1438,0.0002560163850486431,0.03
4237,0.0002560163850486431,0.03
2201,0.0002560163850486431,0.03
4105,0.0002560163850486431,0.03
1843,0.0002560163850486431,0.03
2400,0.0002560163850486431,0.03
2464,0.0002560163850486431,0.03
1629,0.0002560163850486431,0.03
2396,0.0002560163850486431,0.03
2573,0.0002560163850486431,0.03
2091,0.0002560163850486431,0.03
1988,0.0002560163850486431,0.03
851,0.0002560163850486431,0.03
3030,0.0002560163850486431,0.03
3898,0.0002560163850486431,0.03
2990,0.0002560163850486431,0.03
1400,0.0002560163850486431,0.03
2488,0.0002560163850486431,0.03
1978,0.0002560163850486431,0.03
2703,0.0002560163850486431,0.03
1199,0.0002560163850486431,0.03
2032,0.0002560163850486431,0.03
1582,0.0002560163850486431,0.03
1721,0.0002560163850486431,0.03
1986,0.0002560163850486431,0.03
578,0.0002560163850486431,0.03
1019,0.0002560163850486431,0.03
2023,0.0002560163850486431,0.03
1166,0.0002560163850486431,0.03
1630,0.0002560163850486431,0.03
1653,0.0002560163850486431,0.03
1414,0.0002560163850486431,0.03
1109,0.0002560163850486431,0.03
1271,0.0002560163850486431,0.03
1663,0.0002560163850486431,0.03
913,0.0002560163850486431,0.03
1151,0.0002560163850486431,0.03
1384,0.0002560163850486431,0.03
2680,0.0002560163850486431,0.03
2669,0.0002560163850486431,0.03
1881,0.0002560163850486431,0.03
3191,0.0002560163850486431,0.03
2173,0.0002560163850486431,0.03
2554,0.0002560163850486431,0.03
915,0.0002560163850486431,0.03
680,0.0002560163850486431,0.03
416,0.0002560163850486431,0.03
771,0.0002560163850486431,0.03
2628,0.0002560163850486431,0.03
894,0.0002560163850486431,0.03
296,0.0002560163850486431,0.03
601,0.0002560163850486431,0.03
245,0.0002560163850486431,0.03
702,0.0002560163850486431,0.03
903,0.0002560163850486431,0.03
836,0.0002560163850486431,0.03
672,0.0002560163850486431,0.03
768,0.0002560163850486431,0.03
745,0.0002560163850486431,0.03
443,0.0002560163850486431,0.03
886,0.0002560163850486431,0.03
698,0.0002560163850486431,0.03
716,0.0002560163850486431,0.03
711,0.0002560163850486431,0.03
577,0.0002560163850486431,0.03
773,0.0002560163850486431,0.03
2425,0.0002560163850486431,0.03
2016,0.0002560163850486431,0.03
5353,0.0002560163850486431,0.03
5825,0.0002560163850486431,0.03
2507,0.0002560163850486431,0.03
4964,0.0002560163850486431,0.03
1698,0.0002560163850486431,0.03
1352,0.0002560163850486431,0.03
3808,0.0002560163850486431,0.03
1435,0.0002560163850486431,0.03
1186,0.0002560163850486431,0.03
5231,0.0002560163850486431,0.03
5192,0.0002560163850486431,0.03
4089,0.0002560163850486431,0.03
4733,0.0002560163850486431,0.03
1975,0.0002560163850486431,0.03
7834,0.0002560163850486431,0.03
4348,0.0002560163850486431,0.03
8233,0.0002560163850486431,0.03
1909,0.0002560163850486431,0.03
3160,0.0002560163850486431,0.03
3607,0.0002560163850486431,0.03
2133,0.0002560163850486431,0.03
5187,0.0002560163850486431,0.03
3411,0.0002560163850486431,0.03
2326,0.0002560163850486431,0.03
3232,0.0002560163850486431,0.03
2987,0.0002560163850486431,0.03
1991,0.0002560163850486431,0.03
1219,0.0002560163850486431,0.03
1489,0.0002560163850486431,0.03
1554,0.0002560163850486431,0.03
1650,0.0002560163850486431,0.03
1828,0.0002560163850486431,0.03
1933,0.0002560163850486431,0.03
3869,0.0002560163850486431,0.03
3063,0.0002560163850486431,0.03
1431,0.0002560163850486431,0.03
1965,0.0002560163850486431,0.03
3044,0.0002560163850486431,0.03
3553,0.0002560163850486431,0.03
4241,0.0002560163850486431,0.03
5061,0.0002560163850486431,0.03
5577,0.0002560163850486431,0.03
1002,0.0002560163850486431,0.03
1691,0.0002560163850486431,0.03
343,0.0002560163850486431,0.03
5510,0.0002560163850486431,0.03
2797,0.0002560163850486431,0.03
1821,0.0002560163850486431,0.03
1734,0.0002560163850486431,0.03
2000,0.0002560163850486431,0.03
2622,0.0002560163850486431,0.03
2613,0.0002560163850486431,0.03
2063,0.0002560163850486431,0.03
2512,0.0002560163850486431,0.03
2841,0.0002560163850486431,0.03
2711,0.0002560163850486431,0.03
3121,0.0002560163850486431,0.03
2647,0.0002560163850486431,0.03
3437,0.0002560163850486431,0.03
3081,0.0002560163850486431,0.03
1570,0.0002560163850486431,0.03
2166,0.0002560163850486431,0.03
1762,0.0002560163850486431,0.03
5374,0.0002560163850486431,0.03
3103,0.0002560163850486431,0.03
5172,0.0002560163850486431,0.03
6844,0.0002560163850486431,0.03
1764,0.0002560163850486431,0.03
6325,0.0002560163850486431,0.03
1329,0.0002560163850486431,0.03
1621,0.0002560163850486431,0.03
8168,0.0002560163850486431,0.03
2186,0.0002560163850486431,0.03
8655,0.0002560163850486431,0.03
6437,0.0002560163850486431,0.03
3730,0.0002560163850486431,0.03
3077,0.0002560163850486431,0.03
2868,0.0002560163850486431,0.03
3266,0.0002560163850486431,0.03
2495,0.0002560163850486431,0.03
1645,0.0002560163850486431,0.03
3470,0.0002560163850486431,0.03
4157,0.0002560163850486431,0.03
4822,0.0002560163850486431,0.03
10081,0.0002560163850486431,0.03
1794,0.0002560163850486431,0.03
1518,0.0002560163850486431,0.03
2694,0.0002560163850486431,0.03
542,0.0002560163850486431,0.03
865,0.0002560163850486431,0.03
3816,0.0002560163850486431,0.03
2897,0.0002560163850486431,0.03
576,0.0002560163850486431,0.03
989,0.0002560163850486431,0.03
1672,0.0002560163850486431,0.03
2340,0.0002560163850486431,0.03
8726,0.0002560163850486431,0.03
4673,0.0002560163850486431,0.03
5605,0.0002560163850486431,0.03
3458,0.0002560163850486431,0.03
11045,0.0002560163850486431,0.03
10179,0.0002560163850486431,0.03
2373,0.0002560163850486431,0.03
2070,0.0002560163850486431,0.03
195,0.0002560163850486431,0.03
3229,0.0002560163850486431,0.03
1783,0.0002560163850486431,0.03
454,0.0002560163850486431,0.03
1420,0.0002560163850486431,0.03
162,0.0002560163850486431,0.03
811,0.0002560163850486431,0.03
3945,0.0002560163850486431,0.03
810,0.0002560163850486431,0.03
678,0.0002560163850486431,0.03
1048,0.0002560163850486431,0.03
1966,0.0002560163850486431,0.03
1874,0.0002560163850486431,0.03
3660,0.0002560163850486431,0.03
522,0.0002560163850486431,0.03
662,0.0002560163850486431,0.03
655,0.0002560163850486431,0.03
2110,0.0002560163850486431,0.03
4213,0.0002560163850486431,0.03
1756,0.0002560163850486431,0.03
4140,0.0002560163850486431,0.03
328,0.0002560163850486431,0.03
7766,0.0002560163850486431,0.03
3197,0.0002560163850486431,0.03
1752,0.0002560163850486431,0.03
3907,0.0002560163850486431,0.03
2567,0.0002560163850486431,0.03
2484,0.0002560163850486431,0.03
3552,0.0002560163850486431,0.03
3440,0.0002560163850486431,0.03
3116,0.0002560163850486431,0.03
1923,0.0002560163850486431,0.03
2333,0.0002560163850486431,0.03
1450,0.0002560163850486431,0.03
1175,0.0002560163850486431,0.03
1703,0.0002560163850486431,0.03
1493,0.0002560163850486431,0.03
1737,0.0002560163850486431,0.03
1851,0.0002560163850486431,0.03
1720,0.0002560163850486431,0.03
1530,0.0002560163850486431,0.03
1168,0.0002560163850486431,0.03
1706,0.0002560163850486431,0.03
1987,0.0002560163850486431,0.03
1404,0.0002560163850486431,0.03
2078,0.0002560163850486431,0.03
1045,0.0002560163850486431,0.03
874,0.0002560163850486431,0.03
642,0.0002560163850486431,0.03
588,0.0002560163850486431,0.03
1259,0.0002560163850486431,0.03
639,0.0002560163850486431,0.03
656,0.0002560163850486431,0.03
592,0.0002560163850486431,0.03
497,0.0002560163850486431,0.03
838,0.0002560163850486431,0.03
690,0.0002560163850486431,0.03
541,0.0002560163850486431,0.03
839,0.0002560163850486431,0.03
1614,0.0002560163850486431,0.03
2469,0.0002560163850486431,0.03
659,0.0002560163850486431,0.03
1003,0.0002560163850486431,0.03
895,0.0002560163850486431,0.03
990,0.0002560163850486431,0.03
500,0.0002560163850486431,0.03
1132,0.0002560163850486431,0.03
427,0.0002560163850486431,0.03
729,0.0002560163850486431,0.03
583,0.0002560163850486431,0.03
774,0.0002560163850486431,0.03
1941,0.0002560163850486431,0.03
786,0.0002560163850486431,0.03
561,0.0002560163850486431,0.03
784,0.0002560163850486431,0.03
871,0.0002560163850486431,0.03
2454,0.0002560163850486431,0.03
1315,0.0002560163850486431,0.03
2285,0.0002560163850486431,0.03
2493,0.0002560163850486431,0.03
1313,0.0002560163850486431,0.03
2246,0.0002560163850486431,0.03
3215,0.0002560163850486431,0.03
2295,0.0002560163850486431,0.03
1336,0.0002560163850486431,0.03
2714,0.0002560163850486431,0.03
2699,0.0002560163850486431,0.03
2546,0.0002560163850486431,0.03
1159,0.0002560163850486431,0.03
1465,0.0002560163850486431,0.03
1822,0.0002560163850486431,0.03
5759,0.0002560163850486431,0.03
6675,0.0002560163850486431,0.03
9197,0.0002560163850486431,0.03
7587,0.0002560163850486431,0.03
2331,0.0002560163850486431,0.03
2376,0.0002560163850486431,0.03
654,0.0002560163850486431,0.03
2251,0.0002560163850486431,0.03
515,0.0002560163850486431,0.03
848,0.0002560163850486431,0.03
661,0.0002560163850486431,0.03
675,0.0002560163850486431,0.03
613,0.0002560163850486431,0.03
806,0.0002560163850486431,0.03
612,0.0002560163850486431,0.03
608,0.0002560163850486431,0.03
2760,0.0002560163850486431,0.03
2316,0.0002560163850486431,0.03
2160,0.0002560163850486431,0.03
2411,0.0002560163850486431,0.03
2048,0.0002560163850486431,0.03
1950,0.0002560163850486431,0.03
1101,0.0002560163850486431,0.03
964,0.0002560163850486431,0.03
2177,0.0002560163850486431,0.03
2529,0.0002560163850486431,0.03
2673,0.0002560163850486431,0.03
